test_id,word_f1,word_precision,word_recall,page_f1,base_word_f1,delta_pp
long/dd1155_schedule_continuation_0011,0.0,0.0,0.0,26.83,0.0,0.0
long/dd1155_schedule_continuation_0012,0.0,0.0,0.0,0.0,0.0,0.0
long/gov_clin_schedule_0005,0.0,0.0,0.0,50.0,0.0,0.0
long/gov_clin_schedule_0031,0.0,0.0,0.0,0.0,0.0,0.0
long/real_credit_strategies_full,73.71,74.15,73.28,87.92,73.71,0.0
long/real_freer_register_full,91.85,91.94,91.75,97.18,91.85,0.0
long/real_ftx_full,96.72,96.72,96.72,99.8,96.72,0.0
long/real_ftx_full_corrupted,53.48,53.48,53.48,100.0,53.48,0.0
long/real_imedia_full,94.02,94.02,94.02,99.21,94.02,0.0
long/real_imedia_full_corrupted,0.97,0.97,0.97,95.91,0.97,0.0
long/real_ishares_iboxx_bond_etfs,70.34,71.24,69.46,80.31,70.34,0.0
long/real_ofac_ssi_full,26.77,26.77,26.77,91.65,26.77,0.0
long/real_oklahoma_unclaimed_2024,0.0,0.0,0.0,0.0,0.0,0.0
long/real_sm0801_ae_full,59.5,59.78,59.23,95.77,59.5,0.0
long/real_sm0801_eco_full,92.48,92.5,92.46,97.57,92.48,0.0
long/real_sm0801_eco_full_corrupted,75.72,77.59,73.94,91.49,75.72,0.0
long/sec_13f_0010_renaissance_technologies,74.37,74.65,74.09,93.16,74.37,0.0
long/sec_13f_0026_brown_brothers_harriman,84.66,84.67,84.66,100.0,84.66,0.0
long/sf1449_supplies_services_0042,0.0,0.0,0.0,0.0,0.0,0.0
long/sf1449_supplies_services_0059,0.0,0.0,0.0,7.14,0.0,0.0
medium/13f__leonteq_securities_2025q4,99.85,99.85,99.85,100.0,99.85,0.0
medium/13f__nalls_sherbakoff_2025q4,95.75,95.75,95.75,100.0,95.75,0.0
medium/1G1PC5SB6E7111015_professional_valuation,0.0,0.0,0.0,75.0,0.0,0.0
medium/1G1PC5SB6E7111015_professional_valuation_corrupted,0.0,0.0,0.0,75.0,0.0,0.0
medium/arif-2023,29.59,30.86,28.42,66.85,28.65,0.94
medium/baker_hughes_earnings_deck_q4fy25,0.0,0.0,0.0,50.0,0.0,0.0
medium/bar-lev-2021,30.5,31.6,29.48,79.62,30.5,0.0
medium/bar-lev-2022,33.05,33.91,32.24,70.15,33.05,0.0
medium/bar-lev-2023,30.54,31.0,30.08,79.66,30.54,0.0
medium/bar-lev-2024,29.0,29.65,28.39,76.19,29.0,0.0
medium/becerra-2021,28.89,31.86,26.44,59.3,28.46,0.43
medium/becerra-2022,36.28,39.9,33.26,67.49,35.54,0.75
medium/becerra-2023,44.42,47.73,41.53,73.61,43.89,0.53
medium/becerra-2024,34.87,39.41,31.27,67.76,34.87,0.0
medium/bianco-2021,44.21,45.65,42.86,89.47,41.71,2.5
medium/bianco-2022,39.44,41.58,37.5,83.57,39.44,0.0
medium/byline_bancorp_investor_deck_q2_2023,0.0,0.0,0.0,0.0,0.0,0.0
medium/cabrera-2021,38.36,40.76,36.23,73.15,37.95,0.41
medium/cabrera-2022,27.54,29.95,25.49,56.78,27.54,0.0
medium/cabrera-2023,27.83,30.38,25.67,65.51,27.83,0.0
medium/ccc_online_0003_geico_ford_crown_victoria,0.0,0.0,0.0,100.0,0.0,0.0
medium/ccc_online_0003_geico_ford_crown_victoria_corrupted,0.0,0.0,0.0,50.0,0.0,0.0
medium/ccc_online_0004_liberty_dodge_journey,0.0,0.0,0.0,100.0,0.0,0.0
medium/ccc_online_0004_liberty_dodge_journey_corrupted,0.0,0.0,0.0,50.0,0.0,0.0
medium/ccc_online_0008_state_farm_genesis_gv80,0.0,0.0,0.0,57.14,0.0,0.0
medium/ccc_online_0008_state_farm_genesis_gv80_corrupted,0.0,0.0,0.0,28.57,0.0,0.0
medium/ccc_online_0009_travelers_ford_f150,0.0,0.0,0.0,100.0,0.0,0.0
medium/ccc_online_0009_travelers_ford_f150_corrupted,0.0,0.0,0.0,100.0,0.0,0.0
medium/ccc_online_0010_travelers_ford_explorer,0.0,0.0,0.0,100.0,0.0,0.0
medium/ccc_online_0010_travelers_ford_explorer_corrupted,0.0,0.0,0.0,100.0,0.0,0.0
medium/ccc_online_0011_infinity_toyota_tacoma,0.0,0.0,0.0,50.0,0.0,0.0
medium/ccc_online_0011_infinity_toyota_tacoma_corrupted,0.0,0.0,0.0,50.0,0.0,0.0
medium/ccc_online_0012_chubb_dodge_durango,0.0,0.0,0.0,100.0,0.0,0.0
medium/ccc_online_0012_chubb_dodge_durango_corrupted,0.0,0.0,0.0,0.0,0.0,0.0
medium/coreweave_earnings_deck_q4fy25,0.0,0.0,0.0,85.71,0.0,0.0
medium/crh_results_deck_q4fy25,0.0,0.0,0.0,88.89,0.0,0.0
medium/dd1155_schedule_continuation_0007,0.0,0.0,0.0,0.0,0.0,0.0
medium/erie_county_2017_single_audit,0.0,0.0,0.0,0.0,0.0,0.0
medium/gov_clin_schedule_0033,0.0,0.0,0.0,100.0,0.0,0.0
medium/gov_clin_schedule_0035,0.0,0.0,0.0,0.0,0.0,0.0
medium/gov_clin_schedule_0038,0.0,0.0,0.0,0.0,0.0,0.0
medium/gsa_mas_it_labor_0003,0.0,0.0,0.0,0.0,0.0,0.0
medium/gsa_mas_it_labor_0005,0.0,0.0,0.0,0.0,0.0,0.0
medium/gsa_mas_it_labor_0006,0.0,0.0,0.0,0.0,0.0,0.0
medium/gsa_mas_it_labor_0007,0.0,0.0,0.0,0.0,0.0,0.0
medium/gsa_mas_it_labor_0008,0.0,0.0,0.0,0.0,0.0,0.0
medium/gsa_mas_it_labor_0010,0.0,0.0,0.0,0.0,0.0,0.0
medium/gsa_mas_it_labor_0011,0.0,0.0,0.0,0.0,0.0,0.0
medium/gsa_mas_it_labor_0014,0.0,0.0,0.0,0.0,0.0,0.0
medium/gsa_mas_it_labor_0016,0.0,0.0,0.0,0.0,0.0,0.0
medium/gsa_mas_it_labor_0018,0.0,0.0,0.0,0.0,0.0,0.0
medium/gsa_mas_it_labor_0019,0.0,0.0,0.0,0.0,0.0,0.0
medium/hpe_earnings_deck_q4fy25,0.0,0.0,0.0,22.22,0.0,0.0
medium/jackson_college_2024_federal_awards_audit,0.0,0.0,0.0,0.0,0.0,0.0
medium/nport__advisors_inner_circle_fund,96.73,96.73,96.73,97.54,96.73,0.0
medium/nport__dunham_funds,95.88,95.9,95.86,98.47,95.88,0.0
medium/nport__sei_etf_2025q4,97.9,97.9,97.9,98.75,97.9,0.0
medium/q4-2025-earnings-press-release,0.0,0.0,0.0,0.0,0.0,0.0
medium/real_bbb_service_list,77.11,77.18,77.05,99.93,77.11,0.0
medium/real_bbb_service_list_corrupted,31.01,31.04,30.99,99.18,31.01,0.0
medium/real_blackrock_muni_bmn,75.57,76.66,74.51,93.58,75.57,0.0
medium/real_blackrock_schedule_full,80.34,82.21,78.56,96.88,80.34,0.0
medium/real_cooke_co_tx_2024,43.93,43.96,43.9,99.85,43.93,0.0
medium/real_dcd_sumf_full,97.73,97.85,97.61,100.0,97.73,0.0
medium/real_dcd_sumf_full_corrupted,86.27,87.1,85.44,96.17,86.27,0.0
medium/real_enotes_deviations,74.0,74.04,73.97,94.36,74.0,0.0
medium/real_enotes_deviations_corrupted,68.99,69.03,68.96,91.52,68.99,0.0
medium/real_fidelity_northstar,62.91,63.44,62.38,72.18,62.91,0.0
medium/real_franklin_sep_2025,84.4,84.4,84.4,100.0,84.4,0.0
medium/real_penn_hills_pa_2023,69.3,69.3,69.3,85.81,69.3,0.0
medium/real_pueblo_oct_2025,99.6,99.63,99.57,99.84,99.6,0.0
medium/real_sm0801_dispositions_full,99.69,99.74,99.65,99.75,99.69,0.0
medium/real_sm0801_dispositions_full_corrupted,98.6,98.86,98.34,98.89,98.6,0.0
medium/real_vg_divappr_full,67.35,72.11,63.19,73.89,67.35,0.0
medium/real_vg_divgrowth_full,97.13,98.67,95.63,88.39,97.13,0.0
medium/real_vg_equity_income_full,72.94,77.74,68.7,79.71,72.94,0.0
medium/real_vg_esg_full,98.01,98.55,97.48,86.89,98.01,0.0
medium/real_vg_gcc_full,76.38,80.56,72.62,85.15,76.38,0.0
medium/real_vg_healthcare_full,79.01,84.95,73.84,65.31,79.01,0.0
medium/real_vg_megacap_full,88.37,92.09,84.94,87.93,88.37,0.0
medium/real_vg_primecap_full,72.08,76.57,68.08,80.21,72.08,0.0
medium/real_vg_reit2_full,72.39,76.89,68.4,77.32,72.39,0.0
medium/real_vg_reit_full,70.15,71.64,68.72,85.26,70.15,0.0
medium/real_wright_co_mn,69.02,69.22,68.83,77.83,69.02,0.0
medium/sched_i__akron_community_foundation_ty2024,87.31,87.39,87.23,96.99,87.31,0.0
medium/sched_i__united_way_worldwide_ty2024,91.94,91.94,91.94,97.71,91.94,0.0
medium/schwab_dana_jones_2012,0.0,0.0,0.0,0.0,0.0,0.0
medium/sec_13f_0031_loomis_sayles,86.3,87.42,85.21,93.82,86.3,0.0
medium/sf1449_supplies_services_0003,0.0,0.0,0.0,0.0,0.0,0.0
medium/sf1449_supplies_services_0046,0.0,0.0,0.0,0.0,0.0,0.0
medium/sf1449_supplies_services_0047,0.0,0.0,0.0,0.0,0.0,0.0
medium/smfg-kessan-tanshin-2024-ja,0.0,0.0,0.0,66.67,0.0,0.0
medium/sunoco_investor_deck_march_2026,0.0,0.0,0.0,0.0,0.0,0.0
medium/synchrony_investor_deck_q1_2026,0.0,0.0,0.0,66.67,0.0,0.0
medium/sysco_earnings_deck_q2fy26,0.0,0.0,0.0,0.0,0.0,0.0
medium/transunion_earnings_deck_q4fy25,0.0,0.0,0.0,0.0,0.0,0.0
medium/united_way_san_antonio_fy23_single_audit,0.0,0.0,0.0,0.0,0.0,0.0
medium/veralto_earnings_deck_q4fy25,0.0,0.0,0.0,0.0,0.0,0.0
short/00581-2011-p0050,52.63,55.56,50.0,100.0,52.63,0.0
short/00581-2011-p0052,53.97,54.84,53.12,100.0,53.97,0.0
short/00581-2011-p0098,42.31,64.71,31.43,100.0,42.31,0.0
short/00581-2011-p0102,40.0,44.83,36.11,98.59,34.92,5.08
short/02-10121 H-12 7-2-2024 F-22628,37.61,43.14,33.33,93.88,22.64,14.97
short/07021-2016-p0014,34.04,40.0,29.63,100.0,34.04,0.0
short/07021-2016-p0016,31.58,54.55,22.22,100.0,31.58,0.0
short/07021-2016-p0018,32.56,43.75,25.93,100.0,32.56,0.0
short/07021-2016-p0026,40.91,52.94,33.33,100.0,40.91,0.0
short/07021-2016-p0029,42.55,50.0,37.04,100.0,39.13,3.42
short/07021-2016-p0032,42.55,50.0,37.04,100.0,39.13,3.42
short/07021-2016-p0038,63.64,77.78,53.85,100.0,63.64,0.0
short/07021-2016-p0039,61.54,61.54,61.54,100.0,61.54,0.0
short/07021-2016-p0040,76.92,76.92,76.92,100.0,76.92,0.0
short/07021-2016-p0051,76.92,76.92,76.92,100.0,76.92,0.0
short/07021-2016-p0052,75.0,81.82,69.23,100.0,75.0,0.0
short/07021-2016-p0053,75.0,81.82,69.23,100.0,75.0,0.0
short/07021-2016-p0074,26.09,42.86,18.75,100.0,26.09,0.0
short/07021-2016-p0078,20.0,28.57,15.38,100.0,20.0,0.0
short/07021-2016-p0082,26.67,66.67,16.67,100.0,26.67,0.0
short/08-15427 H-12 1-21-2003 F-01341,39.66,45.1,35.38,94.44,35.71,3.94
short/08-20813 H-12 10-17-2008 F-01094A,35.0,39.62,31.34,94.59,32.2,2.8
short/08-37943 H-12 09-25-2014 F-01249,32.65,44.44,25.81,91.55,20.0,12.65
short/08-43259 H-12 3-18-2024 F-22737,41.03,44.44,38.1,92.31,38.6,2.43
short/08-51344 H-12 10-2-2023 F-22666,33.9,36.36,31.75,92.96,34.19,-0.29
short/13f__audent_global_2025q4,99.81,99.81,99.81,100.0,99.81,0.0
short/13f__dedeker_financial_llc,99.41,99.41,99.41,100.0,99.41,0.0
short/13f__radnor_capital_management_llc,99.84,99.84,99.84,100.0,99.84,0.0
short/13f__sl_advisors_llc,99.8,99.8,99.8,100.0,99.8,0.0
short/2A-27-103150_116454,14.63,18.37,12.16,55.13,14.63,0.0
short/2A-9-136008_97695,16.36,22.5,12.86,42.47,16.51,-0.15
short/2A-9-156032_107792,19.8,26.32,15.87,51.35,19.8,0.0
short/2A-9-160248_109904,21.36,29.73,16.67,49.66,21.36,0.0
short/2A-9-160258_109909,30.91,33.33,28.81,52.17,31.19,-0.28
short/2A-9-160266_109913,29.13,33.33,25.86,54.29,29.41,-0.29
short/2A-9-160268_109914,25.24,27.66,23.21,46.27,25.49,-0.25
short/2A-9-160282_109921,32.73,34.62,31.03,47.14,32.73,0.0
short/2A-9-160294_109927,47.83,55.0,42.31,50.49,47.83,0.0
short/2A-9-160298_109929,45.71,51.06,41.38,56.12,46.15,-0.44
short/2A-9-160318_109939,31.07,34.78,28.07,46.72,31.07,0.0
short/3N1AB7AP8FY283932_professional_valuation,0.0,0.0,0.0,69.57,0.0,0.0
short/3N1AB7AP8FY283932_professional_valuation_corrupted,0.0,0.0,0.0,47.62,0.0,0.0
short/593338187_200912_990PF-p0023,85.15,86.0,84.31,100.0,85.15,0.0
short/593338187_200912_990PF-p0024,69.72,73.08,66.67,100.0,69.72,0.0
short/593338187_200912_990PF-p0025,78.55,81.25,76.02,100.0,78.55,0.0
short/593338187_200912_990PF-p0026,83.06,84.46,81.7,100.0,83.06,0.0
short/593338187_200912_990PF-p0027,77.36,78.85,75.93,100.0,77.36,0.0
short/593338187_200912_990PF-p0030,73.81,73.81,73.81,100.0,73.81,0.0
short/593338187_200912_990PF-p0031,79.21,80.11,78.33,100.0,79.21,0.0
short/593338187_200912_990PF-p0032,74.45,75.16,73.75,100.0,74.45,0.0
short/593338187_200912_990PF-p0033,78.53,79.89,77.22,100.0,78.53,0.0
short/593338187_200912_990PF-p0034,80.22,80.45,80.0,100.0,80.22,0.0
short/593338187_200912_990PF-p0035,83.71,84.66,82.78,100.0,83.71,0.0
short/593338187_200912_990PF-p0036,75.98,76.4,75.56,100.0,75.98,0.0
short/593338187_200912_990PF-p0037,78.57,80.0,77.19,100.0,78.57,0.0
short/593338187_200912_990PF-p0038,83.57,83.8,83.33,100.0,83.57,0.0
short/7C-02014 H-12 5-20-2013 F-01083,39.69,41.94,37.68,96.0,32.26,7.44
short/7C-04947 H-12 12-7-2009 F-01079,30.0,33.96,26.87,81.63,28.57,1.43
short/H9-53-1621_1656,42.22,47.5,38.0,96.23,40.91,1.31
short/H9-53-2119_2144,25.0,34.48,19.61,94.55,27.4,-2.4
short/H9-53-23_23,31.58,36.59,27.78,97.3,32.18,-0.6
short/H9-53-24_24,32.97,37.5,29.41,94.44,30.59,2.38
short/H9-53-30_30,34.15,45.16,27.45,96.3,31.17,2.98
short/H9-53-319_311,37.21,44.44,32.0,93.46,39.51,-2.3
short/H9-53-31_31,44.19,54.29,37.25,96.3,40.51,3.68
short/H9-53-32_32,34.04,40.0,29.63,97.3,34.09,-0.05
short/H9-53-514_1043,27.96,39.39,21.67,96.83,27.91,0.05
short/H9-53-59_60,36.36,47.06,29.63,97.3,37.65,-1.28
short/H9-53-7226_7240,38.2,47.22,32.08,97.3,39.08,-0.88
short/H9-53-7234_7248,33.73,43.75,27.45,94.55,34.57,-0.83
short/H9-53-7239_7253,32.61,36.59,29.41,94.55,34.48,-1.87
short/H9-53-9349_9509,28.57,34.21,24.53,96.43,29.55,-0.97
short/H9-53-9386_9545,37.97,55.56,28.85,95.41,32.0,5.97
short/P18-28-1547,54.29,61.29,48.72,73.39,54.29,0.0
short/P18-28-21_77,47.06,61.54,38.1,74.34,44.78,2.28
short/P18-28-35_39,54.05,64.52,46.51,75.44,54.05,0.0
short/P18-28-43_44,62.34,66.67,58.54,74.55,60.53,1.81
short/P18-28-44_45,52.31,56.67,48.57,67.96,52.31,0.0
short/P18-28-50_51,22.22,35.0,16.28,72.88,22.22,0.0
short/P18-28-52_53,20.69,30.0,15.79,71.03,20.69,0.0
short/P18-28-54_55,50.0,65.22,40.54,69.81,50.0,0.0
short/P18-28-55_56,3.77,7.14,2.56,72.22,3.77,0.0
short/P18-28-56_57,41.79,46.67,37.84,69.81,42.42,-0.63
short/P18-28-62_62,44.12,50.0,39.47,71.03,44.12,0.0
short/P4-27-51022_74198,16.84,17.78,16.0,20.37,16.84,0.0
short/P4-27-51094_74234,25.71,42.86,18.37,81.13,23.19,2.53
short/P4-27-51220_74625,20.0,21.43,18.75,30.48,20.0,0.0
short/P4-27-51300_74665,32.43,40.0,27.27,73.68,32.43,0.0
short/P4-27-51318_74674,44.07,65.0,33.33,89.89,41.38,2.69
short/P4-83-199_29,27.69,42.86,20.45,92.78,28.57,-0.88
short/P4-83-201_30,38.24,65.0,27.08,92.45,38.24,0.0
short/P4-83-211_35,30.0,35.29,26.09,93.07,25.64,4.36
short/P4-83-433_147,14.81,33.33,9.52,95.56,14.81,0.0
short/P4-83-443_152,28.57,40.91,21.95,93.33,29.03,-0.46
short/P4-83-449_155,13.79,44.44,8.16,99.01,3.77,10.02
short/P4-83-457_159,38.81,56.52,29.55,74.51,38.81,0.0
short/P4-83-631_246,8.33,10.34,6.98,10.75,8.33,0.0
short/P4-83-693_277,35.48,55.0,26.19,92.47,35.48,0.0
short/P4-Historical Single Signature83-10963_5480,33.96,69.23,22.5,91.11,33.96,0.0
short/P4-Historical Single Signature83-223_41,4.44,50.0,2.33,91.67,0.0,4.44
short/P4-Historical Single Signature83-257_58,0.0,0.0,0.0,92.47,0.0,0.0
short/REDACTED_2007_NISSAN_MURANO_professional_valuation,0.0,0.0,0.0,61.54,0.0,0.0
short/ROGER-WINFIELD-SCOTT-FOUNDATION-INC-2009-580655183-p0023,83.59,87.66,79.88,100.0,83.59,0.0
short/ROGER-WINFIELD-SCOTT-FOUNDATION-INC-2009-580655183-p0024,80.11,82.46,77.9,100.0,80.11,0.0
short/ROGER-WINFIELD-SCOTT-FOUNDATION-INC-2009-580655183-p0025,87.29,91.15,83.74,100.0,87.29,0.0
short/W-1-9-258_260,64.18,66.15,62.32,97.87,61.07,3.11
short/W-1-9-260_262,52.71,56.67,49.28,97.87,51.2,1.51
short/W-1-9-261_263,39.06,43.1,35.71,98.59,36.51,2.55
short/W14-2nd Sub 53269 Revised W14,57.32,67.16,50.0,64.54,56.77,0.55
short/W14-2nd Sub 55975 Revised W14 ADMIN REVIEWED,53.75,62.32,47.25,64.79,53.16,0.59
short/W14-52342_W14,10.07,14.89,7.61,65.96,4.44,5.63
short/W14-53632_W14 ADMIN REVIEWED,38.41,49.15,31.52,65.48,26.95,11.46
short/W14-54500_W14 admin reviewed,48.31,56.58,42.16,70.1,43.27,5.04
short/W14-55311_W14 reviewed,46.54,54.41,40.66,64.54,41.83,4.71
short/W14-55711_W14 ADMIN REVIEWED,50.0,56.94,44.57,65.02,40.52,9.48
short/W14-57077_W14,54.24,57.83,51.06,66.67,50.89,3.35
short/W14-57728_W14_REVISED,42.65,48.39,38.14,68.6,36.0,6.65
short/W14-58025_W14 Admin Reviewed,64.09,69.05,59.79,68.07,56.47,7.62
short/W14-58509_W14 2nd sub revised,81.11,83.81,78.57,66.47,75.0,6.11
short/W14-58549_W14,58.82,69.62,50.93,65.66,47.67,11.15
short/W14-Atascosa SWD Well No. 4 - W-14 (Updated 01.22.2025),66.67,74.63,60.24,61.09,54.01,12.65
short/W2-27-216874_212740,15.17,19.3,12.5,38.33,13.89,1.28
short/W2-27-217184_213122,31.4,36.49,27.55,71.03,31.4,0.0
short/W2-27-217314_213200,17.39,25.64,13.16,39.53,17.39,0.0
short/W2-27-217884_213729,10.61,15.91,7.95,61.48,10.61,0.0
short/WVWJK73C19P047779_professional_valuation,0.0,0.0,0.0,63.64,0.0,0.0
short/WVWJK73C19P047779_professional_valuation_corrupted,0.0,0.0,0.0,57.14,0.0,0.0
short/YV4952BL2C1140915_professional_valuation,0.0,0.0,0.0,42.86,0.0,0.0
short/YV4952BL2C1140915_professional_valuation_corrupted,0.0,0.0,0.0,0.0,0.0,0.0
short/aclu_cdwg_invoice,0.0,0.0,0.0,100.0,0.0,0.0
short/arif-2021,27.0,29.35,25.0,70.0,27.0,0.0
short/arif-2022,27.62,29.29,26.13,78.1,26.79,0.82
short/arif-2024,29.57,34.0,26.15,73.04,28.82,0.74
short/bianco-2024,31.44,32.64,30.32,69.57,31.44,0.0
short/brand_price_list_lifescience_2024,0.0,0.0,0.0,0.0,0.0,0.0
short/brand_price_list_lifescience_2024_corrupted,0.0,0.0,0.0,0.0,0.0,0.0
short/budget_appendix_doe,0.0,0.0,0.0,0.0,0.0,0.0
short/budget_appendix_legis,0.0,0.0,0.0,0.0,0.0,0.0
short/ca_rad_crossover_inpatient_p5,0.0,0.0,0.0,0.0,0.0,0.0
short/ca_rad_crossover_inpatient_p5_corrupted,0.0,0.0,0.0,0.0,0.0,0.0
short/ca_rad_crossover_outpatient_p5,0.0,0.0,0.0,0.0,0.0,0.0
short/ca_rad_crossover_outpatient_p5_corrupted,0.0,0.0,0.0,0.0,0.0,0.0
short/caterpillar_spec_sheet_312c_excavator,0.0,0.0,0.0,0.0,0.0,0.0
short/caterpillar_spec_sheet_312c_excavator_corrupted,0.0,0.0,0.0,0.0,0.0,0.0
short/caterpillar_spec_sheet_330_excavator,0.0,0.0,0.0,0.0,0.0,0.0
short/caterpillar_spec_sheet_330_excavator_corrupted,0.0,0.0,0.0,0.0,0.0,0.0
short/cbp_7501_continuation_0001,0.0,0.0,0.0,0.0,0.0,0.0
short/cbp_7501_continuation_0002,0.0,0.0,0.0,0.0,0.0,0.0
short/cbp_7501_continuation_0007,0.0,0.0,0.0,0.0,0.0,0.0
short/cbp_7501_continuation_0016,0.0,0.0,0.0,0.0,0.0,0.0
short/cbp_7501_continuation_0018,0.0,0.0,0.0,82.67,0.0,0.0
short/ccc_online_0005_american_family_chevrolet_sonic,0.0,0.0,0.0,66.67,0.0,0.0
short/ccc_online_0005_american_family_chevrolet_sonic_corrupted,0.0,0.0,0.0,66.67,0.0,0.0
short/ccc_online_0006_esurance_toyota_rav4,0.0,0.0,0.0,80.0,0.0,0.0
short/ccc_online_0006_esurance_toyota_rav4_corrupted,0.0,0.0,0.0,80.0,0.0,0.0
short/census_statab,0.0,0.0,0.0,0.0,0.0,0.0
short/census_statab_12s0035,0.0,0.0,0.0,0.0,0.0,0.0
short/census_statab_12s0711,0.0,0.0,0.0,0.0,0.0,0.0
short/census_statab_employment,0.0,0.0,0.0,0.0,0.0,0.0
short/census_statab_income_by_state,0.0,0.0,0.0,0.0,0.0,0.0
short/cfpb_closing-disclosure_H25E,0.0,0.0,0.0,0.0,0.0,0.0
short/cfpb_closing-disclosure_H25E_corrupted,0.0,0.0,0.0,0.0,0.0,0.0
short/cfpb_closing-disclosure_H25F,0.0,0.0,0.0,0.0,0.0,0.0
short/cfpb_closing-disclosure_H25F_corrupted,0.0,0.0,0.0,0.0,0.0,0.0
short/cfpb_closing-disclosure_filled-sample,0.0,0.0,0.0,0.0,0.0,0.0
short/cfpb_closing-disclosure_filled-sample_corrupted,0.0,0.0,0.0,0.0,0.0,0.0
short/dc-pepco-residential-bill,0.0,0.0,0.0,0.0,0.0,0.0
short/dd1155_schedule_continuation_0002,0.0,0.0,0.0,0.0,0.0,0.0
short/dd1155_schedule_continuation_0008,0.0,0.0,0.0,0.0,0.0,0.0
short/fidelity_0002_sample,0.0,0.0,0.0,0.0,0.0,0.0
short/fort_bend_operativeiq_invoice,0.0,0.0,0.0,100.0,0.0,0.0
short/golden_corral_receipt_refugio_county_auditor,0.0,0.0,0.0,100.0,0.0,0.0
short/grafton_isotrope_invoice_19503,0.0,0.0,0.0,0.0,0.0,0.0
short/gsa_mas_it_labor_0004,0.0,0.0,0.0,0.0,0.0,0.0
short/gsa_mas_it_labor_0020,0.0,0.0,0.0,0.0,0.0,0.0
short/h5Filing-45659-1,88.55,89.23,87.88,92.65,88.55,0.0
short/h5Filing-45884-1,87.59,88.24,86.96,90.41,87.59,0.0
short/h5Filing-45887-1,83.21,83.82,82.61,90.41,83.21,0.0
short/h5Filing-45919-1,78.95,80.0,77.92,91.36,78.95,0.0
short/h5Filing-46302-1,72.0,72.41,71.59,93.92,72.0,0.0
short/h5Filing-46383-1,87.1,88.52,85.71,88.24,87.1,0.0
short/h5Filing-46384-1,81.6,82.26,80.95,88.24,81.6,0.0
short/h5Filing-46780-1,81.97,81.97,81.97,89.55,81.97,0.0
short/h5Filing-47175-1,82.01,82.61,81.43,92.52,82.01,0.0
short/h5Filing-48982-1,87.41,88.06,86.76,89.66,87.41,0.0
short/h5Filing-49070-1,83.21,83.82,82.61,90.54,83.21,0.0
short/h5Filing-50745-2,87.77,88.41,87.14,91.16,87.77,0.0
short/h5Filing-66006-1,91.97,92.65,91.3,90.54,91.97,0.0
short/hingham-grainger-invoice,0.0,0.0,0.0,100.0,0.0,0.0
short/hingham-wbmason-invoice,0.0,0.0,0.0,0.0,0.0,0.0
short/hingham_lowes_receipt,0.0,0.0,0.0,0.0,0.0,0.0
short/lancaster_county_ne_requisition_po_husker_steel,0.0,0.0,0.0,0.0,0.0,0.0
short/lancaster_county_ne_requisition_po_husker_steel_corrupted,0.0,0.0,0.0,0.0,0.0,0.0
short/mcdonalds_receipt_chicago_documentcloud,0.0,0.0,0.0,0.0,0.0,0.0
short/mission-tx-tyler-invoice,0.0,0.0,0.0,0.0,0.0,0.0
short/ms_medicaid_ra_adjustments,0.0,0.0,0.0,0.0,0.0,0.0
short/ms_medicaid_ra_adjustments_corrupted,0.0,0.0,0.0,0.0,0.0,0.0
short/ms_medicaid_ra_paid_denied_claims,0.0,0.0,0.0,0.0,0.0,0.0
short/ms_medicaid_ra_paid_denied_claims_corrupted,0.0,0.0,0.0,0.0,0.0,0.0
short/nport__bullfinch_fund_inc,96.54,96.54,96.54,100.0,96.54,0.0
short/nport__gabelli_growth_fund_2025q4,98.0,98.0,98.0,99.82,98.0,0.0
short/nport__oak_associates_funds,98.0,98.0,98.0,100.0,98.0,0.0
short/oklahoma_county_purchase_order_avl_systems,0.0,0.0,0.0,100.0,0.0,0.0
short/oklahoma_county_purchase_order_avl_systems_corrupted,0.0,0.0,0.0,100.0,0.0,0.0
short/passcoag-2020-w2-p0002-r1,57.69,65.22,51.72,100.0,57.69,0.0
short/passcoag-2020-w2-p0002-r2,53.33,60.0,48.0,100.0,53.33,0.0
short/passcoag-2020-w2-p0002-r3,61.22,75.0,51.72,100.0,61.22,0.0
short/passcoag-2020-w2-p0002-r4,37.21,50.0,29.63,100.0,37.21,0.0
short/passcoag-2020-w2-p0003-r1,58.33,73.68,48.28,100.0,58.33,0.0
short/passcoag-2020-w2-p0003-r2,43.48,52.63,37.04,100.0,43.48,0.0
short/passcoag-2020-w2-p0003-r3,59.57,70.0,51.85,100.0,60.87,-1.3
short/passcoag-2020-w2-p0003-r4,54.9,63.64,48.28,100.0,54.9,0.0
short/passcoag-2020-w2-p0004-r1,69.23,78.26,62.07,100.0,69.23,0.0
short/passcoag-2020-w2-p0004-r2,65.31,80.0,55.17,100.0,65.31,0.0
short/passcoag-2020-w2-p0004-r3,60.0,71.43,51.72,100.0,60.0,0.0
short/passcoag-2020-w2-p0004-r4,65.38,73.91,58.62,100.0,66.67,-1.28
short/passcoag-2020-w2-p0005-r1,37.21,57.14,27.59,100.0,37.21,0.0
short/passcoag-2020-w2-p0005-r2,55.32,72.22,44.83,100.0,55.32,0.0
short/passcoag-2020-w2-p0005-r3,44.9,55.0,37.93,100.0,44.9,0.0
short/passcoag-2020-w2-p0005-r4,61.22,75.0,51.72,100.0,61.22,0.0
short/passcoag-2020-w2-p0006-r1,54.9,63.64,48.28,100.0,56.0,-1.1
short/passcoag-2020-w2-p0006-r2,47.83,64.71,37.93,100.0,47.83,0.0
short/passcoag-2020-w2-p0006-r3,70.59,81.82,62.07,100.0,70.59,0.0
short/passcoag-2020-w2-p0006-r4,48.0,57.14,41.38,100.0,48.98,-0.98
short/pershing_0001,0.0,0.0,0.0,0.0,0.0,0.0
short/ppl-two-bill-example,0.0,0.0,0.0,0.0,0.0,0.0
short/real_clinton_property_25_11073,59.44,59.44,59.44,98.1,59.44,0.0
short/real_clinton_property_25_11073_corrupted,56.83,58.52,55.24,98.1,56.83,0.0
short/real_franklin_aug_2025,84.12,84.12,84.12,100.0,84.12,0.0
short/real_franklin_nov_2025,84.37,84.37,84.37,100.0,84.37,0.0
short/real_wyo_Goshen_2024,99.49,100.0,98.98,99.65,99.49,0.0
short/real_wyo_Niobrara_2024,98.38,100.0,96.81,98.88,98.38,0.0
short/real_wyo_Weston_2024,99.03,100.0,98.08,99.34,99.03,0.0
short/sched_i__after_violence_project_ty2024,90.91,90.91,90.91,100.0,90.91,0.0
short/sched_i__idaho_humanities_council_inc_ty2023,75.0,75.0,75.0,100.0,75.0,0.0
short/sched_i__rotary_club_ty2024,85.71,85.71,85.71,100.0,85.71,0.0
short/sched_i__the_women_s_foundation_of_colorado_inc_ty2024,93.18,93.18,93.18,98.19,93.18,0.0
short/sec_13f_0009_coatue_management,90.01,90.16,89.86,99.83,90.01,0.0
short/sec_13f_0019_soros_fund_management,97.68,97.75,97.62,99.93,97.68,0.0
short/southampton-ny-york-env-invoice,0.0,0.0,0.0,66.67,0.0,0.0
short/stephenville-axon-invoice,0.0,0.0,0.0,57.14,0.0,0.0
short/texas_facilities_commission_purchase_order_shelton-keller,0.0,0.0,0.0,100.0,0.0,0.0
short/texas_facilities_commission_purchase_order_shelton-keller_corrupted,0.0,0.0,0.0,100.0,0.0,0.0
short/ti_spec_sheet_ne555_timer,0.0,0.0,0.0,0.0,0.0,0.0
short/ti_spec_sheet_ne555_timer_corrupted,0.0,0.0,0.0,0.0,0.0,0.0
short/uillinois_rate_card_carpool_2024,0.0,0.0,0.0,0.0,0.0,0.0
short/uillinois_rate_card_carpool_2024_corrupted,0.0,0.0,0.0,0.0,0.0,0.0
short/utah_fleet_rate_schedule_fy2024,0.0,0.0,0.0,0.0,0.0,0.0
short/utah_fleet_rate_schedule_fy2024_corrupted,0.0,0.0,0.0,0.0,0.0,0.0
short/viega_price_list_propress_2026,0.0,0.0,0.0,0.0,0.0,0.0
short/viega_price_list_propress_2026_corrupted,0.0,0.0,0.0,0.0,0.0,0.0
short/we-energies-sample-bill,0.0,0.0,0.0,0.0,0.0,0.0
