test_id,word_f1,word_precision,word_recall,page_f1,success
long/dd1155_schedule_continuation_0011,0.00,0.00,0.00,26.83,True
long/dd1155_schedule_continuation_0012,0.00,0.00,0.00,0.00,True
long/gov_clin_schedule_0005,0.00,0.00,0.00,50.00,True
long/gov_clin_schedule_0031,0.00,0.00,0.00,0.00,True
long/real_credit_strategies_full,73.71,74.15,73.28,87.92,True
long/real_freer_register_full,91.85,91.94,91.75,97.18,True
long/real_ftx_full,96.72,96.72,96.72,99.80,True
long/real_ftx_full_corrupted,53.48,53.48,53.48,100.00,True
long/real_imedia_full,94.02,94.02,94.02,99.21,True
long/real_imedia_full_corrupted,0.97,0.97,0.97,95.91,True
long/real_ishares_iboxx_bond_etfs,70.34,71.24,69.46,80.31,True
long/real_ofac_ssi_full,26.77,26.77,26.77,91.65,True
long/real_oklahoma_unclaimed_2024,0.00,0.00,0.00,0.00,True
long/real_sm0801_ae_full,59.50,59.78,59.23,95.77,True
long/real_sm0801_eco_full,92.48,92.50,92.46,97.57,True
long/real_sm0801_eco_full_corrupted,75.72,77.59,73.94,91.49,True
long/sec_13f_0010_renaissance_technologies,74.37,74.65,74.09,93.16,True
long/sec_13f_0026_brown_brothers_harriman,84.66,84.67,84.66,100.00,True
long/sf1449_supplies_services_0042,0.00,0.00,0.00,0.00,True
long/sf1449_supplies_services_0059,0.00,0.00,0.00,7.14,True
medium/13f__leonteq_securities_2025q4,99.85,99.85,99.85,100.00,True
medium/13f__nalls_sherbakoff_2025q4,95.75,95.75,95.75,100.00,True
medium/1G1PC5SB6E7111015_professional_valuation,0.00,0.00,0.00,75.00,True
medium/1G1PC5SB6E7111015_professional_valuation_corrupted,0.00,0.00,0.00,75.00,True
medium/arif-2023,28.65,30.06,27.37,66.12,True
medium/baker_hughes_earnings_deck_q4fy25,0.00,0.00,0.00,50.00,True
medium/bar-lev-2021,30.50,31.60,29.48,79.62,True
medium/bar-lev-2022,33.05,33.91,32.24,70.15,True
medium/bar-lev-2023,30.54,31.00,30.08,79.66,True
medium/bar-lev-2024,29.00,29.65,28.39,76.19,True
medium/becerra-2021,28.46,31.48,25.98,58.94,True
medium/becerra-2022,35.54,39.29,32.43,66.89,True
medium/becerra-2023,43.89,47.44,40.84,72.98,True
medium/becerra-2024,34.87,39.41,31.27,67.76,True
medium/bianco-2021,41.71,43.82,39.80,87.70,True
medium/bianco-2022,39.44,41.58,37.50,83.57,True
medium/byline_bancorp_investor_deck_q2_2023,0.00,0.00,0.00,0.00,True
medium/cabrera-2021,37.95,40.44,35.75,72.82,True
medium/cabrera-2022,27.54,29.95,25.49,56.78,True
medium/cabrera-2023,27.83,30.38,25.67,65.51,True
medium/ccc_online_0003_geico_ford_crown_victoria,0.00,0.00,0.00,100.00,True
medium/ccc_online_0003_geico_ford_crown_victoria_corrupted,0.00,0.00,0.00,50.00,True
medium/ccc_online_0004_liberty_dodge_journey,0.00,0.00,0.00,100.00,True
medium/ccc_online_0004_liberty_dodge_journey_corrupted,0.00,0.00,0.00,50.00,True
medium/ccc_online_0008_state_farm_genesis_gv80,0.00,0.00,0.00,57.14,True
medium/ccc_online_0008_state_farm_genesis_gv80_corrupted,0.00,0.00,0.00,28.57,True
medium/ccc_online_0009_travelers_ford_f150,0.00,0.00,0.00,100.00,True
medium/ccc_online_0009_travelers_ford_f150_corrupted,0.00,0.00,0.00,100.00,True
medium/ccc_online_0010_travelers_ford_explorer,0.00,0.00,0.00,100.00,True
medium/ccc_online_0010_travelers_ford_explorer_corrupted,0.00,0.00,0.00,100.00,True
medium/ccc_online_0011_infinity_toyota_tacoma,0.00,0.00,0.00,50.00,True
medium/ccc_online_0011_infinity_toyota_tacoma_corrupted,0.00,0.00,0.00,50.00,True
medium/ccc_online_0012_chubb_dodge_durango,0.00,0.00,0.00,100.00,True
medium/ccc_online_0012_chubb_dodge_durango_corrupted,0.00,0.00,0.00,0.00,True
medium/coreweave_earnings_deck_q4fy25,0.00,0.00,0.00,85.71,True
medium/crh_results_deck_q4fy25,0.00,0.00,0.00,88.89,True
medium/dd1155_schedule_continuation_0007,0.00,0.00,0.00,0.00,True
medium/erie_county_2017_single_audit,0.00,0.00,0.00,0.00,True
medium/gov_clin_schedule_0033,0.00,0.00,0.00,100.00,True
medium/gov_clin_schedule_0035,0.00,0.00,0.00,0.00,True
medium/gov_clin_schedule_0038,0.00,0.00,0.00,0.00,True
medium/gsa_mas_it_labor_0003,0.00,0.00,0.00,0.00,True
medium/gsa_mas_it_labor_0005,0.00,0.00,0.00,0.00,True
medium/gsa_mas_it_labor_0006,0.00,0.00,0.00,0.00,True
medium/gsa_mas_it_labor_0007,0.00,0.00,0.00,0.00,True
medium/gsa_mas_it_labor_0008,0.00,0.00,0.00,0.00,True
medium/gsa_mas_it_labor_0010,0.00,0.00,0.00,0.00,True
medium/gsa_mas_it_labor_0011,0.00,0.00,0.00,0.00,True
medium/gsa_mas_it_labor_0014,0.00,0.00,0.00,0.00,True
medium/gsa_mas_it_labor_0016,0.00,0.00,0.00,0.00,True
medium/gsa_mas_it_labor_0018,0.00,0.00,0.00,0.00,True
medium/gsa_mas_it_labor_0019,0.00,0.00,0.00,0.00,True
medium/hpe_earnings_deck_q4fy25,0.00,0.00,0.00,22.22,True
medium/jackson_college_2024_federal_awards_audit,0.00,0.00,0.00,0.00,True
medium/nport__advisors_inner_circle_fund,96.73,96.73,96.73,97.54,True
medium/nport__dunham_funds,95.88,95.90,95.86,98.47,True
medium/nport__sei_etf_2025q4,97.90,97.90,97.90,98.75,True
medium/q4-2025-earnings-press-release,0.00,0.00,0.00,0.00,True
medium/real_bbb_service_list,77.11,77.18,77.05,99.93,True
medium/real_bbb_service_list_corrupted,31.01,31.04,30.99,99.18,True
medium/real_blackrock_muni_bmn,75.57,76.66,74.51,93.58,True
medium/real_blackrock_schedule_full,80.34,82.21,78.56,96.88,True
medium/real_cooke_co_tx_2024,43.93,43.96,43.90,99.85,True
medium/real_dcd_sumf_full,97.73,97.85,97.61,100.00,True
medium/real_dcd_sumf_full_corrupted,86.27,87.10,85.44,96.17,True
medium/real_enotes_deviations,74.00,74.04,73.97,94.36,True
medium/real_enotes_deviations_corrupted,68.99,69.03,68.96,91.52,True
medium/real_fidelity_northstar,62.91,63.44,62.38,72.18,True
medium/real_franklin_sep_2025,84.40,84.40,84.40,100.00,True
medium/real_penn_hills_pa_2023,69.30,69.30,69.30,85.81,True
medium/real_pueblo_oct_2025,99.60,99.63,99.57,99.84,True
medium/real_sm0801_dispositions_full,99.69,99.74,99.65,99.75,True
medium/real_sm0801_dispositions_full_corrupted,98.60,98.86,98.34,98.89,True
medium/real_vg_divappr_full,67.35,72.11,63.19,73.89,True
medium/real_vg_divgrowth_full,97.13,98.67,95.63,88.39,True
medium/real_vg_equity_income_full,72.94,77.74,68.70,79.71,True
medium/real_vg_esg_full,98.01,98.55,97.48,86.89,True
medium/real_vg_gcc_full,76.38,80.56,72.62,85.15,True
medium/real_vg_healthcare_full,79.01,84.95,73.84,65.31,True
medium/real_vg_megacap_full,88.37,92.09,84.94,87.93,True
medium/real_vg_primecap_full,72.08,76.57,68.08,80.21,True
medium/real_vg_reit2_full,72.39,76.89,68.40,77.32,True
medium/real_vg_reit_full,70.15,71.64,68.72,85.26,True
medium/real_wright_co_mn,69.02,69.22,68.83,77.83,True
medium/sched_i__akron_community_foundation_ty2024,87.31,87.39,87.23,96.99,True
medium/sched_i__united_way_worldwide_ty2024,91.94,91.94,91.94,97.71,True
medium/schwab_dana_jones_2012,0.00,0.00,0.00,0.00,True
medium/sec_13f_0031_loomis_sayles,86.00,87.59,84.48,92.48,True
medium/sf1449_supplies_services_0003,0.00,0.00,0.00,0.00,True
medium/sf1449_supplies_services_0046,0.00,0.00,0.00,0.00,True
medium/sf1449_supplies_services_0047,0.00,0.00,0.00,0.00,True
medium/smfg-kessan-tanshin-2024-ja,0.00,0.00,0.00,66.67,True
medium/sunoco_investor_deck_march_2026,0.00,0.00,0.00,0.00,True
medium/synchrony_investor_deck_q1_2026,0.00,0.00,0.00,66.67,True
medium/sysco_earnings_deck_q2fy26,0.00,0.00,0.00,0.00,True
medium/transunion_earnings_deck_q4fy25,0.00,0.00,0.00,0.00,True
medium/united_way_san_antonio_fy23_single_audit,0.00,0.00,0.00,0.00,True
medium/veralto_earnings_deck_q4fy25,0.00,0.00,0.00,0.00,True
short/00581-2011-p0050,52.63,55.56,50.00,100.00,True
short/00581-2011-p0052,53.97,54.84,53.12,100.00,True
short/00581-2011-p0098,42.31,64.71,31.43,100.00,True
short/00581-2011-p0102,34.92,40.74,30.56,98.59,True
short/02-10121 H-12 7-2-2024 F-22628,22.64,30.00,18.18,93.88,True
short/07021-2016-p0014,34.04,40.00,29.63,100.00,True
short/07021-2016-p0016,31.58,54.55,22.22,100.00,True
short/07021-2016-p0018,32.56,43.75,25.93,100.00,True
short/07021-2016-p0026,40.91,52.94,33.33,100.00,True
short/07021-2016-p0029,39.13,47.37,33.33,100.00,True
short/07021-2016-p0032,39.13,47.37,33.33,100.00,True
short/07021-2016-p0038,63.64,77.78,53.85,100.00,True
short/07021-2016-p0039,61.54,61.54,61.54,100.00,True
short/07021-2016-p0040,76.92,76.92,76.92,100.00,True
short/07021-2016-p0051,76.92,76.92,76.92,100.00,True
short/07021-2016-p0052,75.00,81.82,69.23,100.00,True
short/07021-2016-p0053,75.00,81.82,69.23,100.00,True
short/07021-2016-p0074,26.09,42.86,18.75,100.00,True
short/07021-2016-p0078,20.00,28.57,15.38,100.00,True
short/07021-2016-p0082,26.67,66.67,16.67,100.00,True
short/08-15427 H-12 1-21-2003 F-01341,35.71,42.55,30.77,94.44,True
short/08-20813 H-12 10-17-2008 F-01094A,32.20,37.25,28.36,94.59,True
short/08-37943 H-12 09-25-2014 F-01249,20.00,32.14,14.52,91.55,True
short/08-43259 H-12 3-18-2024 F-22737,38.60,43.14,34.92,92.31,True
short/08-51344 H-12 10-2-2023 F-22666,34.19,37.04,31.75,92.96,True
short/13f__audent_global_2025q4,99.81,99.81,99.81,100.00,True
short/13f__dedeker_financial_llc,99.41,99.41,99.41,100.00,True
short/13f__radnor_capital_management_llc,99.84,99.84,99.84,100.00,True
short/13f__sl_advisors_llc,99.80,99.80,99.80,100.00,True
short/2A-27-103150_116454,14.63,18.37,12.16,55.13,True
short/2A-9-136008_97695,16.51,23.08,12.86,41.10,True
short/2A-9-156032_107792,19.80,26.32,15.87,51.35,True
short/2A-9-160248_109904,21.36,29.73,16.67,49.66,True
short/2A-9-160258_109909,31.19,34.00,28.81,52.17,True
short/2A-9-160266_109913,29.41,34.09,25.86,54.29,True
short/2A-9-160268_109914,25.49,28.26,23.21,44.78,True
short/2A-9-160282_109921,32.73,34.62,31.03,47.14,True
short/2A-9-160294_109927,47.83,55.00,42.31,50.49,True
short/2A-9-160298_109929,46.15,52.17,41.38,56.12,True
short/2A-9-160318_109939,31.07,34.78,28.07,46.72,True
short/3N1AB7AP8FY283932_professional_valuation,0.00,0.00,0.00,69.57,True
short/3N1AB7AP8FY283932_professional_valuation_corrupted,0.00,0.00,0.00,47.62,True
short/593338187_200912_990PF-p0023,85.15,86.00,84.31,100.00,True
short/593338187_200912_990PF-p0024,69.72,73.08,66.67,100.00,True
short/593338187_200912_990PF-p0025,78.55,81.25,76.02,100.00,True
short/593338187_200912_990PF-p0026,83.06,84.46,81.70,100.00,True
short/593338187_200912_990PF-p0027,77.36,78.85,75.93,100.00,True
short/593338187_200912_990PF-p0030,73.81,73.81,73.81,100.00,True
short/593338187_200912_990PF-p0031,79.21,80.11,78.33,100.00,True
short/593338187_200912_990PF-p0032,74.45,75.16,73.75,100.00,True
short/593338187_200912_990PF-p0033,78.53,79.89,77.22,100.00,True
short/593338187_200912_990PF-p0034,80.22,80.45,80.00,100.00,True
short/593338187_200912_990PF-p0035,83.71,84.66,82.78,100.00,True
short/593338187_200912_990PF-p0036,75.98,76.40,75.56,100.00,True
short/593338187_200912_990PF-p0037,78.57,80.00,77.19,100.00,True
short/593338187_200912_990PF-p0038,83.57,83.80,83.33,100.00,True
short/7C-02014 H-12 5-20-2013 F-01083,32.26,36.36,28.99,96.00,True
short/7C-04947 H-12 12-7-2009 F-01079,28.57,32.69,25.37,81.63,True
short/H9-53-1621_1656,40.91,47.37,36.00,96.23,True
short/H9-53-2119_2144,27.40,45.45,19.61,94.55,True
short/H9-53-23_23,32.18,42.42,25.93,97.30,True
short/H9-53-24_24,30.59,38.24,25.49,94.44,True
short/H9-53-30_30,31.17,46.15,23.53,96.30,True
short/H9-53-319_311,39.51,51.61,32.00,93.46,True
short/H9-53-31_31,40.51,57.14,31.37,96.30,True
short/H9-53-32_32,34.09,44.12,27.78,97.30,True
short/H9-53-514_1043,27.91,46.15,20.00,96.83,True
short/H9-53-59_60,37.65,51.61,29.63,97.30,True
short/H9-53-7226_7240,39.08,50.00,32.08,97.30,True
short/H9-53-7234_7248,34.57,46.67,27.45,94.55,True
short/H9-53-7239_7253,34.48,41.67,29.41,94.55,True
short/H9-53-9349_9509,29.55,37.14,24.53,96.43,True
short/H9-53-9386_9545,32.00,52.17,23.08,95.41,True
short/P18-28-1547,54.29,61.29,48.72,73.39,True
short/P18-28-21_77,44.78,60.00,35.71,74.34,True
short/P18-28-35_39,54.05,64.52,46.51,75.44,True
short/P18-28-43_44,60.53,65.71,56.10,74.55,True
short/P18-28-44_45,52.31,56.67,48.57,67.96,True
short/P18-28-50_51,22.22,35.00,16.28,72.88,True
short/P18-28-52_53,20.69,30.00,15.79,71.03,True
short/P18-28-54_55,50.00,65.22,40.54,69.81,True
short/P18-28-55_56,3.77,7.14,2.56,72.22,True
short/P18-28-56_57,42.42,48.28,37.84,69.81,True
short/P18-28-62_62,44.12,50.00,39.47,71.03,True
short/P4-27-51022_74198,16.84,17.78,16.00,20.37,True
short/P4-27-51094_74234,23.19,40.00,16.33,81.13,True
short/P4-27-51220_74625,20.00,21.43,18.75,30.48,True
short/P4-27-51300_74665,32.43,40.00,27.27,73.68,True
short/P4-27-51318_74674,41.38,63.16,30.77,89.89,True
short/P4-83-199_29,28.57,47.37,20.45,92.78,True
short/P4-83-201_30,38.24,65.00,27.08,92.45,True
short/P4-83-211_35,25.64,31.25,21.74,93.07,True
short/P4-83-433_147,14.81,33.33,9.52,95.56,True
short/P4-83-443_152,29.03,42.86,21.95,93.33,True
short/P4-83-449_155,3.77,25.00,2.04,99.01,True
short/P4-83-457_159,38.81,56.52,29.55,74.51,True
short/P4-83-631_246,8.33,10.34,6.98,10.75,True
short/P4-83-693_277,35.48,55.00,26.19,92.47,True
short/P4-Historical Single Signature83-10963_5480,33.96,69.23,22.50,91.11,True
short/P4-Historical Single Signature83-223_41,0.00,0.00,0.00,91.67,True
short/P4-Historical Single Signature83-257_58,0.00,0.00,0.00,92.47,True
short/REDACTED_2007_NISSAN_MURANO_professional_valuation,0.00,0.00,0.00,61.54,True
short/ROGER-WINFIELD-SCOTT-FOUNDATION-INC-2009-580655183-p0023,83.59,87.66,79.88,100.00,True
short/ROGER-WINFIELD-SCOTT-FOUNDATION-INC-2009-580655183-p0024,80.11,82.46,77.90,100.00,True
short/ROGER-WINFIELD-SCOTT-FOUNDATION-INC-2009-580655183-p0025,87.29,91.15,83.74,100.00,True
short/W-1-9-258_260,61.07,64.52,57.97,97.87,True
short/W-1-9-260_262,51.20,57.14,46.38,97.87,True
short/W-1-9-261_263,36.51,41.07,32.86,98.59,True
short/W14-2nd Sub 53269 Revised W14,56.77,67.69,48.89,64.54,True
short/W14-2nd Sub 55975 Revised W14 ADMIN REVIEWED,53.16,62.69,46.15,64.79,True
short/W14-52342_W14,4.44,6.98,3.26,65.96,True
short/W14-53632_W14 ADMIN REVIEWED,26.95,38.78,20.65,65.48,True
short/W14-54500_W14 admin reviewed,43.27,53.62,36.27,70.10,True
short/W14-55311_W14 reviewed,41.83,51.61,35.16,64.54,True
short/W14-55711_W14 ADMIN REVIEWED,40.52,50.82,33.70,65.02,True
short/W14-57077_W14,50.89,57.33,45.74,66.67,True
short/W14-57728_W14_REVISED,36.00,43.90,30.51,68.60,True
short/W14-58025_W14 Admin Reviewed,56.47,65.75,49.48,68.07,True
short/W14-58509_W14 2nd sub revised,75.00,85.23,66.96,66.47,True
short/W14-58549_W14,47.67,64.06,37.96,65.66,True
short/W14-Atascosa SWD Well No. 4 - W-14 (Updated 01.22.2025),54.01,68.52,44.58,61.09,True
short/W2-27-216874_212740,13.89,17.86,11.36,37.50,True
short/W2-27-217184_213122,31.40,36.49,27.55,71.03,True
short/W2-27-217314_213200,17.39,25.64,13.16,39.53,True
short/W2-27-217884_213729,10.61,15.91,7.95,61.48,True
short/WVWJK73C19P047779_professional_valuation,0.00,0.00,0.00,63.64,True
short/WVWJK73C19P047779_professional_valuation_corrupted,0.00,0.00,0.00,57.14,True
short/YV4952BL2C1140915_professional_valuation,0.00,0.00,0.00,42.86,True
short/YV4952BL2C1140915_professional_valuation_corrupted,0.00,0.00,0.00,0.00,True
short/aclu_cdwg_invoice,0.00,0.00,0.00,100.00,True
short/arif-2021,27.00,29.35,25.00,70.00,True
short/arif-2022,26.79,28.57,25.23,77.51,True
short/arif-2024,28.82,33.33,25.38,72.49,True
short/bianco-2024,31.44,32.64,30.32,69.57,True
short/brand_price_list_lifescience_2024,0.00,0.00,0.00,0.00,True
short/brand_price_list_lifescience_2024_corrupted,0.00,0.00,0.00,0.00,True
short/budget_appendix_doe,0.00,0.00,0.00,0.00,True
short/budget_appendix_legis,0.00,0.00,0.00,0.00,True
short/ca_rad_crossover_inpatient_p5,0.00,0.00,0.00,0.00,True
short/ca_rad_crossover_inpatient_p5_corrupted,0.00,0.00,0.00,0.00,True
short/ca_rad_crossover_outpatient_p5,0.00,0.00,0.00,0.00,True
short/ca_rad_crossover_outpatient_p5_corrupted,0.00,0.00,0.00,0.00,True
short/caterpillar_spec_sheet_312c_excavator,0.00,0.00,0.00,0.00,True
short/caterpillar_spec_sheet_312c_excavator_corrupted,0.00,0.00,0.00,0.00,True
short/caterpillar_spec_sheet_330_excavator,0.00,0.00,0.00,0.00,True
short/caterpillar_spec_sheet_330_excavator_corrupted,0.00,0.00,0.00,0.00,True
short/cbp_7501_continuation_0001,0.00,0.00,0.00,0.00,True
short/cbp_7501_continuation_0002,0.00,0.00,0.00,0.00,True
short/cbp_7501_continuation_0007,0.00,0.00,0.00,0.00,True
short/cbp_7501_continuation_0016,0.00,0.00,0.00,0.00,True
short/cbp_7501_continuation_0018,0.00,0.00,0.00,82.67,True
short/ccc_online_0005_american_family_chevrolet_sonic,0.00,0.00,0.00,66.67,True
short/ccc_online_0005_american_family_chevrolet_sonic_corrupted,0.00,0.00,0.00,66.67,True
short/ccc_online_0006_esurance_toyota_rav4,0.00,0.00,0.00,80.00,True
short/ccc_online_0006_esurance_toyota_rav4_corrupted,0.00,0.00,0.00,80.00,True
short/census_statab,0.00,0.00,0.00,0.00,True
short/census_statab_12s0035,0.00,0.00,0.00,0.00,True
short/census_statab_12s0711,0.00,0.00,0.00,0.00,True
short/census_statab_employment,0.00,0.00,0.00,0.00,True
short/census_statab_income_by_state,0.00,0.00,0.00,0.00,True
short/cfpb_closing-disclosure_H25E,0.00,0.00,0.00,0.00,True
short/cfpb_closing-disclosure_H25E_corrupted,0.00,0.00,0.00,0.00,True
short/cfpb_closing-disclosure_H25F,0.00,0.00,0.00,0.00,True
short/cfpb_closing-disclosure_H25F_corrupted,0.00,0.00,0.00,0.00,True
short/cfpb_closing-disclosure_filled-sample,0.00,0.00,0.00,0.00,True
short/cfpb_closing-disclosure_filled-sample_corrupted,0.00,0.00,0.00,0.00,True
short/dc-pepco-residential-bill,0.00,0.00,0.00,0.00,True
short/dd1155_schedule_continuation_0002,0.00,0.00,0.00,0.00,True
short/dd1155_schedule_continuation_0008,0.00,0.00,0.00,0.00,True
short/fidelity_0002_sample,0.00,0.00,0.00,0.00,True
short/fort_bend_operativeiq_invoice,0.00,0.00,0.00,100.00,True
short/golden_corral_receipt_refugio_county_auditor,0.00,0.00,0.00,100.00,True
short/grafton_isotrope_invoice_19503,0.00,0.00,0.00,0.00,True
short/gsa_mas_it_labor_0004,0.00,0.00,0.00,0.00,True
short/gsa_mas_it_labor_0020,0.00,0.00,0.00,0.00,True
short/h5Filing-45659-1,88.55,89.23,87.88,92.65,True
short/h5Filing-45884-1,87.59,88.24,86.96,90.41,True
short/h5Filing-45887-1,83.21,83.82,82.61,90.41,True
short/h5Filing-45919-1,78.95,80.00,77.92,91.36,True
short/h5Filing-46302-1,72.00,72.41,71.59,93.92,True
short/h5Filing-46383-1,87.10,88.52,85.71,88.24,True
short/h5Filing-46384-1,81.60,82.26,80.95,88.24,True
short/h5Filing-46780-1,81.97,81.97,81.97,89.55,True
short/h5Filing-47175-1,82.01,82.61,81.43,92.52,True
short/h5Filing-48982-1,87.41,88.06,86.76,89.66,True
short/h5Filing-49070-1,83.21,83.82,82.61,90.54,True
short/h5Filing-50745-2,87.77,88.41,87.14,91.16,True
short/h5Filing-66006-1,91.97,92.65,91.30,90.54,True
short/hingham-grainger-invoice,0.00,0.00,0.00,100.00,True
short/hingham-wbmason-invoice,0.00,0.00,0.00,0.00,True
short/hingham_lowes_receipt,0.00,0.00,0.00,0.00,True
short/lancaster_county_ne_requisition_po_husker_steel,0.00,0.00,0.00,0.00,True
short/lancaster_county_ne_requisition_po_husker_steel_corrupted,0.00,0.00,0.00,0.00,True
short/mcdonalds_receipt_chicago_documentcloud,0.00,0.00,0.00,0.00,True
short/mission-tx-tyler-invoice,0.00,0.00,0.00,0.00,True
short/ms_medicaid_ra_adjustments,0.00,0.00,0.00,0.00,True
short/ms_medicaid_ra_adjustments_corrupted,0.00,0.00,0.00,0.00,True
short/ms_medicaid_ra_paid_denied_claims,0.00,0.00,0.00,0.00,True
short/ms_medicaid_ra_paid_denied_claims_corrupted,0.00,0.00,0.00,0.00,True
short/nport__bullfinch_fund_inc,96.54,96.54,96.54,100.00,True
short/nport__gabelli_growth_fund_2025q4,98.00,98.00,98.00,99.82,True
short/nport__oak_associates_funds,98.00,98.00,98.00,100.00,True
short/oklahoma_county_purchase_order_avl_systems,0.00,0.00,0.00,100.00,True
short/oklahoma_county_purchase_order_avl_systems_corrupted,0.00,0.00,0.00,100.00,True
short/passcoag-2020-w2-p0002-r1,57.69,65.22,51.72,100.00,True
short/passcoag-2020-w2-p0002-r2,53.33,60.00,48.00,100.00,True
short/passcoag-2020-w2-p0002-r3,61.22,75.00,51.72,100.00,True
short/passcoag-2020-w2-p0002-r4,37.21,50.00,29.63,100.00,True
short/passcoag-2020-w2-p0003-r1,58.33,73.68,48.28,100.00,True
short/passcoag-2020-w2-p0003-r2,43.48,52.63,37.04,100.00,True
short/passcoag-2020-w2-p0003-r3,60.87,73.68,51.85,100.00,True
short/passcoag-2020-w2-p0003-r4,54.90,63.64,48.28,100.00,True
short/passcoag-2020-w2-p0004-r1,69.23,78.26,62.07,100.00,True
short/passcoag-2020-w2-p0004-r2,65.31,80.00,55.17,100.00,True
short/passcoag-2020-w2-p0004-r3,60.00,71.43,51.72,100.00,True
short/passcoag-2020-w2-p0004-r4,66.67,77.27,58.62,100.00,True
short/passcoag-2020-w2-p0005-r1,37.21,57.14,27.59,100.00,True
short/passcoag-2020-w2-p0005-r2,55.32,72.22,44.83,100.00,True
short/passcoag-2020-w2-p0005-r3,44.90,55.00,37.93,100.00,True
short/passcoag-2020-w2-p0005-r4,61.22,75.00,51.72,100.00,True
short/passcoag-2020-w2-p0006-r1,56.00,66.67,48.28,100.00,True
short/passcoag-2020-w2-p0006-r2,47.83,64.71,37.93,100.00,True
short/passcoag-2020-w2-p0006-r3,70.59,81.82,62.07,100.00,True
short/passcoag-2020-w2-p0006-r4,48.98,60.00,41.38,100.00,True
short/pershing_0001,0.00,0.00,0.00,0.00,True
short/ppl-two-bill-example,0.00,0.00,0.00,0.00,True
short/real_clinton_property_25_11073,59.44,59.44,59.44,98.10,True
short/real_clinton_property_25_11073_corrupted,56.83,58.52,55.24,98.10,True
short/real_franklin_aug_2025,84.12,84.12,84.12,100.00,True
short/real_franklin_nov_2025,84.37,84.37,84.37,100.00,True
short/real_wyo_Goshen_2024,99.49,100.00,98.98,99.65,True
short/real_wyo_Niobrara_2024,98.38,100.00,96.81,98.88,True
short/real_wyo_Weston_2024,99.03,100.00,98.08,99.34,True
short/sched_i__after_violence_project_ty2024,90.91,90.91,90.91,100.00,True
short/sched_i__idaho_humanities_council_inc_ty2023,75.00,75.00,75.00,100.00,True
short/sched_i__rotary_club_ty2024,85.71,85.71,85.71,100.00,True
short/sched_i__the_women_s_foundation_of_colorado_inc_ty2024,93.18,93.18,93.18,98.19,True
short/sec_13f_0009_coatue_management,90.01,90.16,89.86,99.83,True
short/sec_13f_0019_soros_fund_management,97.68,97.75,97.62,99.93,True
short/southampton-ny-york-env-invoice,0.00,0.00,0.00,66.67,True
short/stephenville-axon-invoice,0.00,0.00,0.00,57.14,True
short/texas_facilities_commission_purchase_order_shelton-keller,0.00,0.00,0.00,100.00,True
short/texas_facilities_commission_purchase_order_shelton-keller_corrupted,0.00,0.00,0.00,100.00,True
short/ti_spec_sheet_ne555_timer,0.00,0.00,0.00,0.00,True
short/ti_spec_sheet_ne555_timer_corrupted,0.00,0.00,0.00,0.00,True
short/uillinois_rate_card_carpool_2024,0.00,0.00,0.00,0.00,True
short/uillinois_rate_card_carpool_2024_corrupted,0.00,0.00,0.00,0.00,True
short/utah_fleet_rate_schedule_fy2024,0.00,0.00,0.00,0.00,True
short/utah_fleet_rate_schedule_fy2024_corrupted,0.00,0.00,0.00,0.00,True
short/viega_price_list_propress_2026,0.00,0.00,0.00,0.00,True
short/viega_price_list_propress_2026_corrupted,0.00,0.00,0.00,0.00,True
short/we-energies-sample-bill,0.00,0.00,0.00,0.00,True
