test_id,word_f1,word_precision,word_recall,page_f1,false_grounding,abstention_rate,b1_word_f1,delta_pp
long/dd1155_schedule_continuation_0011,0.00,0.00,0.00,26.83,0.00,31.75,0.00,0.00
long/dd1155_schedule_continuation_0012,0.00,0.00,0.00,0.00,0.00,38.89,0.00,0.00
long/gov_clin_schedule_0005,0.00,0.00,0.00,50.00,0.00,41.25,0.00,0.00
long/gov_clin_schedule_0031,0.00,0.00,0.00,0.00,0.00,71.79,0.00,0.00
long/real_credit_strategies_full,73.71,74.15,73.28,87.92,25.85,32.47,73.71,0.00
long/real_freer_register_full,91.85,91.94,91.75,97.18,8.06,8.24,91.85,-0.00
long/real_ftx_full,96.72,96.72,96.72,99.80,3.28,54.81,96.72,-0.00
long/real_ftx_full_corrupted,53.48,53.48,53.48,100.00,46.52,54.81,53.48,-0.00
long/real_imedia_full,94.02,94.02,94.02,99.21,5.98,44.26,94.02,0.00
long/real_imedia_full_corrupted,0.97,0.97,0.97,95.91,99.03,44.26,0.97,-0.00
long/real_ishares_iboxx_bond_etfs,70.34,71.24,69.46,80.31,28.76,4.24,70.34,-0.00
long/real_ofac_ssi_full,26.77,26.77,26.77,91.65,73.23,17.39,26.77,0.00
long/real_oklahoma_unclaimed_2024,0.00,0.00,0.00,0.00,0.00,1.63,0.00,0.00
long/real_sm0801_ae_full,59.50,59.78,59.23,95.77,40.22,7.70,59.50,0.00
long/real_sm0801_eco_full,92.48,92.50,92.46,97.57,7.50,11.21,92.48,-0.00
long/real_sm0801_eco_full_corrupted,75.72,77.59,73.94,91.49,22.41,11.22,75.72,-0.00
long/sec_13f_0010_renaissance_technologies,74.37,74.65,74.09,93.16,25.35,20.83,74.37,-0.00
long/sec_13f_0026_brown_brothers_harriman,84.66,84.67,84.66,100.00,15.33,22.82,84.66,0.00
long/sf1449_supplies_services_0042,0.00,0.00,0.00,0.00,0.00,53.19,0.00,0.00
long/sf1449_supplies_services_0059,0.00,0.00,0.00,7.14,0.00,31.22,0.00,0.00
medium/13f__leonteq_securities_2025q4,99.85,99.85,99.85,100.00,0.15,22.52,99.85,-0.00
medium/13f__nalls_sherbakoff_2025q4,95.75,95.75,95.75,100.00,4.25,23.09,95.75,-0.00
medium/1G1PC5SB6E7111015_professional_valuation,0.00,0.00,0.00,75.00,0.00,8.01,0.00,0.00
medium/1G1PC5SB6E7111015_professional_valuation_corrupted,0.00,0.00,0.00,75.00,0.00,8.31,0.00,0.00
medium/arif-2023,28.65,30.06,27.37,66.12,69.94,85.97,28.65,0.00
medium/baker_hughes_earnings_deck_q4fy25,0.00,0.00,0.00,50.00,0.00,42.86,0.00,0.00
medium/bar-lev-2021,30.50,31.60,29.48,79.62,68.40,81.31,30.50,0.00
medium/bar-lev-2022,33.05,33.91,32.24,70.15,66.09,81.83,33.05,0.00
medium/bar-lev-2023,30.54,31.00,30.08,79.66,69.00,82.00,30.54,-0.00
medium/bar-lev-2024,29.00,29.65,28.39,76.19,70.35,82.62,29.00,0.00
medium/becerra-2021,28.46,31.48,25.98,58.94,68.52,73.30,28.46,0.00
medium/becerra-2022,35.54,39.29,32.43,66.89,60.71,71.80,35.54,-0.00
medium/becerra-2023,43.89,47.44,40.84,72.98,52.56,73.29,43.89,0.00
medium/becerra-2024,34.87,39.41,31.27,67.76,60.59,79.09,34.87,-0.00
medium/bianco-2021,41.71,43.82,39.80,87.70,56.18,92.38,41.71,0.00
medium/bianco-2022,39.44,41.58,37.50,83.57,58.42,91.26,39.44,-0.00
medium/byline_bancorp_investor_deck_q2_2023,0.00,0.00,0.00,0.00,0.00,73.33,0.00,0.00
medium/cabrera-2021,37.95,40.44,35.75,72.82,59.56,84.43,37.95,-0.00
medium/cabrera-2022,27.54,29.95,25.49,56.78,70.05,84.01,27.54,0.00
medium/cabrera-2023,27.83,30.38,25.67,65.51,69.62,87.72,27.83,-0.00
medium/ccc_online_0003_geico_ford_crown_victoria,0.00,0.00,0.00,100.00,0.00,16.51,0.00,0.00
medium/ccc_online_0003_geico_ford_crown_victoria_corrupted,0.00,0.00,0.00,50.00,0.00,16.51,0.00,0.00
medium/ccc_online_0004_liberty_dodge_journey,0.00,0.00,0.00,100.00,0.00,11.11,0.00,0.00
medium/ccc_online_0004_liberty_dodge_journey_corrupted,0.00,0.00,0.00,50.00,0.00,11.11,0.00,0.00
medium/ccc_online_0008_state_farm_genesis_gv80,0.00,0.00,0.00,57.14,0.00,18.89,0.00,0.00
medium/ccc_online_0008_state_farm_genesis_gv80_corrupted,0.00,0.00,0.00,28.57,0.00,18.89,0.00,0.00
medium/ccc_online_0009_travelers_ford_f150,0.00,0.00,0.00,100.00,0.00,7.48,0.00,0.00
medium/ccc_online_0009_travelers_ford_f150_corrupted,0.00,0.00,0.00,100.00,0.00,7.48,0.00,0.00
medium/ccc_online_0010_travelers_ford_explorer,0.00,0.00,0.00,100.00,0.00,8.96,0.00,0.00
medium/ccc_online_0010_travelers_ford_explorer_corrupted,0.00,0.00,0.00,100.00,0.00,8.96,0.00,0.00
medium/ccc_online_0011_infinity_toyota_tacoma,0.00,0.00,0.00,50.00,0.00,8.60,0.00,0.00
medium/ccc_online_0011_infinity_toyota_tacoma_corrupted,0.00,0.00,0.00,50.00,0.00,8.60,0.00,0.00
medium/ccc_online_0012_chubb_dodge_durango,0.00,0.00,0.00,100.00,0.00,15.08,0.00,0.00
medium/ccc_online_0012_chubb_dodge_durango_corrupted,0.00,0.00,0.00,0.00,0.00,15.08,0.00,0.00
medium/coreweave_earnings_deck_q4fy25,0.00,0.00,0.00,85.71,0.00,46.67,0.00,0.00
medium/crh_results_deck_q4fy25,0.00,0.00,0.00,88.89,0.00,33.33,0.00,0.00
medium/dd1155_schedule_continuation_0007,0.00,0.00,0.00,0.00,0.00,16.67,0.00,0.00
medium/erie_county_2017_single_audit,0.00,0.00,0.00,0.00,0.00,20.38,0.00,0.00
medium/gov_clin_schedule_0033,0.00,0.00,0.00,100.00,0.00,23.21,0.00,0.00
medium/gov_clin_schedule_0035,0.00,0.00,0.00,0.00,0.00,6.25,0.00,0.00
medium/gov_clin_schedule_0038,0.00,0.00,0.00,0.00,0.00,31.82,0.00,0.00
medium/gsa_mas_it_labor_0003,0.00,0.00,0.00,0.00,0.00,20.02,0.00,0.00
medium/gsa_mas_it_labor_0005,0.00,0.00,0.00,0.00,0.00,10.09,0.00,0.00
medium/gsa_mas_it_labor_0006,0.00,0.00,0.00,0.00,0.00,34.76,0.00,0.00
medium/gsa_mas_it_labor_0007,0.00,0.00,0.00,0.00,0.00,10.61,0.00,0.00
medium/gsa_mas_it_labor_0008,0.00,0.00,0.00,0.00,0.00,29.34,0.00,0.00
medium/gsa_mas_it_labor_0010,0.00,0.00,0.00,0.00,0.00,2.94,0.00,0.00
medium/gsa_mas_it_labor_0011,0.00,0.00,0.00,0.00,0.00,10.06,0.00,0.00
medium/gsa_mas_it_labor_0014,0.00,0.00,0.00,0.00,0.00,10.39,0.00,0.00
medium/gsa_mas_it_labor_0016,0.00,0.00,0.00,0.00,0.00,13.45,0.00,0.00
medium/gsa_mas_it_labor_0018,0.00,0.00,0.00,0.00,0.00,0.13,0.00,0.00
medium/gsa_mas_it_labor_0019,0.00,0.00,0.00,0.00,0.00,0.10,0.00,0.00
medium/hpe_earnings_deck_q4fy25,0.00,0.00,0.00,22.22,0.00,23.33,0.00,0.00
medium/jackson_college_2024_federal_awards_audit,0.00,0.00,0.00,0.00,0.00,18.48,0.00,0.00
medium/nport__advisors_inner_circle_fund,96.73,96.73,96.73,97.54,3.27,11.83,96.73,-0.00
medium/nport__dunham_funds,95.88,95.90,95.86,98.47,4.10,6.52,95.88,0.00
medium/nport__sei_etf_2025q4,97.90,97.90,97.90,98.75,2.10,11.80,97.90,-0.00
medium/q4-2025-earnings-press-release,0.00,0.00,0.00,0.00,0.00,66.67,0.00,0.00
medium/real_bbb_service_list,77.11,77.18,77.05,99.93,22.82,3.13,77.11,0.00
medium/real_bbb_service_list_corrupted,31.01,31.04,30.99,99.18,68.96,3.13,31.01,0.00
medium/real_blackrock_muni_bmn,75.57,76.66,74.51,93.58,23.34,11.17,75.57,-0.00
medium/real_blackrock_schedule_full,80.34,82.21,78.56,96.88,17.79,40.13,80.34,0.00
medium/real_cooke_co_tx_2024,43.93,43.96,43.90,99.85,56.04,5.32,43.93,-0.00
medium/real_dcd_sumf_full,97.73,97.85,97.61,100.00,2.15,0.16,97.73,-0.00
medium/real_dcd_sumf_full_corrupted,86.27,87.10,85.44,96.17,12.90,0.16,86.27,-0.00
medium/real_enotes_deviations,74.00,74.04,73.97,94.36,25.96,0.14,74.00,0.00
medium/real_enotes_deviations_corrupted,68.99,69.03,68.96,91.52,30.97,0.07,68.99,0.00
medium/real_fidelity_northstar,62.91,63.44,62.38,72.18,36.56,30.54,62.91,-0.00
medium/real_franklin_sep_2025,84.40,84.40,84.40,100.00,15.60,0.03,84.40,-0.00
medium/real_penn_hills_pa_2023,69.30,69.30,69.30,85.81,30.70,8.41,69.30,-0.00
medium/real_pueblo_oct_2025,99.60,99.63,99.57,99.84,0.37,0.33,99.60,0.00
medium/real_sm0801_dispositions_full,99.69,99.74,99.65,99.75,0.26,30.44,99.69,0.00
medium/real_sm0801_dispositions_full_corrupted,98.60,98.86,98.34,98.89,1.14,30.54,98.60,0.00
medium/real_vg_divappr_full,67.35,72.11,63.19,73.89,27.89,27.18,67.35,0.00
medium/real_vg_divgrowth_full,97.13,98.67,95.63,88.39,1.33,27.21,97.13,-0.00
medium/real_vg_equity_income_full,72.94,77.74,68.70,79.71,22.26,27.26,72.94,0.00
medium/real_vg_esg_full,98.01,98.55,97.48,86.89,1.45,26.04,98.01,0.00
medium/real_vg_gcc_full,76.38,80.56,72.62,85.15,19.44,25.27,76.38,0.00
medium/real_vg_healthcare_full,79.01,84.95,73.84,65.31,15.05,22.67,79.01,-0.00
medium/real_vg_megacap_full,88.37,92.09,84.94,87.93,7.91,23.31,88.37,0.00
medium/real_vg_primecap_full,72.08,76.57,68.08,80.21,23.43,25.03,72.08,-0.00
medium/real_vg_reit2_full,72.39,76.89,68.40,77.32,23.11,26.19,72.39,0.00
medium/real_vg_reit_full,70.15,71.64,68.72,85.26,28.36,26.00,70.15,-0.00
medium/real_wright_co_mn,69.02,69.22,68.83,77.83,30.78,7.16,69.02,0.00
medium/sched_i__akron_community_foundation_ty2024,87.31,87.39,87.23,96.99,12.61,28.50,87.31,-0.00
medium/sched_i__united_way_worldwide_ty2024,91.94,91.94,91.94,97.71,8.06,28.43,91.94,-0.00
medium/schwab_dana_jones_2012,0.00,0.00,0.00,0.00,0.00,33.81,0.00,0.00
medium/sec_13f_0031_loomis_sayles,86.30,87.42,85.21,93.82,12.58,21.10,86.00,0.30
medium/sf1449_supplies_services_0003,0.00,0.00,0.00,0.00,0.00,51.49,0.00,0.00
medium/sf1449_supplies_services_0046,0.00,0.00,0.00,0.00,0.00,83.33,0.00,0.00
medium/sf1449_supplies_services_0047,0.00,0.00,0.00,0.00,0.00,62.79,0.00,0.00
medium/smfg-kessan-tanshin-2024-ja,0.00,0.00,0.00,66.67,0.00,36.67,0.00,0.00
medium/sunoco_investor_deck_march_2026,0.00,0.00,0.00,0.00,0.00,86.67,0.00,0.00
medium/synchrony_investor_deck_q1_2026,0.00,0.00,0.00,66.67,0.00,60.00,0.00,0.00
medium/sysco_earnings_deck_q2fy26,0.00,0.00,0.00,0.00,0.00,20.00,0.00,0.00
medium/transunion_earnings_deck_q4fy25,0.00,0.00,0.00,0.00,0.00,38.10,0.00,0.00
medium/united_way_san_antonio_fy23_single_audit,0.00,0.00,0.00,0.00,0.00,30.74,0.00,0.00
medium/veralto_earnings_deck_q4fy25,0.00,0.00,0.00,0.00,0.00,19.05,0.00,0.00
short/00581-2011-p0050,52.63,55.56,50.00,100.00,44.44,46.43,52.63,0.00
short/00581-2011-p0052,53.97,54.84,53.12,100.00,45.16,44.83,53.97,-0.00
short/00581-2011-p0098,42.31,64.71,31.43,100.00,35.29,41.67,42.31,-0.00
short/00581-2011-p0102,34.92,40.74,30.56,98.59,59.26,41.67,34.92,0.00
short/02-10121 H-12 7-2-2024 F-22628,22.64,30.00,18.18,93.88,70.00,11.54,22.64,0.00
short/07021-2016-p0014,34.04,40.00,29.63,100.00,60.00,51.79,34.04,0.00
short/07021-2016-p0016,31.58,54.55,22.22,100.00,45.45,51.79,31.58,-0.00
short/07021-2016-p0018,32.56,43.75,25.93,100.00,56.25,51.79,32.56,-0.00
short/07021-2016-p0026,40.91,52.94,33.33,100.00,47.06,51.79,40.91,-0.00
short/07021-2016-p0029,39.13,47.37,33.33,100.00,52.63,51.79,39.13,0.00
short/07021-2016-p0032,39.13,47.37,33.33,100.00,52.63,51.79,39.13,0.00
short/07021-2016-p0038,63.64,77.78,53.85,100.00,22.22,59.38,63.64,-0.00
short/07021-2016-p0039,61.54,61.54,61.54,100.00,38.46,59.38,61.54,-0.00
short/07021-2016-p0040,76.92,76.92,76.92,100.00,23.08,59.38,76.92,0.00
short/07021-2016-p0051,76.92,76.92,76.92,100.00,23.08,59.38,76.92,0.00
short/07021-2016-p0052,75.00,81.82,69.23,100.00,18.18,59.38,75.00,0.00
short/07021-2016-p0053,75.00,81.82,69.23,100.00,18.18,59.38,75.00,0.00
short/07021-2016-p0074,26.09,42.86,18.75,100.00,57.14,52.94,26.09,-0.00
short/07021-2016-p0078,20.00,28.57,15.38,100.00,71.43,59.38,20.00,0.00
short/07021-2016-p0082,26.67,66.67,16.67,100.00,33.33,59.38,26.67,-0.00
short/08-15427 H-12 1-21-2003 F-01341,35.71,42.55,30.77,94.44,57.45,12.82,35.71,0.00
short/08-20813 H-12 10-17-2008 F-01094A,32.20,37.25,28.36,94.59,62.75,10.26,32.20,0.00
short/08-37943 H-12 09-25-2014 F-01249,20.00,32.14,14.52,91.55,67.86,16.67,20.00,0.00
short/08-43259 H-12 3-18-2024 F-22737,38.60,43.14,34.92,92.31,56.86,15.38,38.60,-0.00
short/08-51344 H-12 10-2-2023 F-22666,34.19,37.04,31.75,92.96,62.96,14.10,34.19,-0.00
short/13f__audent_global_2025q4,99.81,99.81,99.81,100.00,0.19,23.21,99.81,-0.00
short/13f__dedeker_financial_llc,99.41,99.41,99.41,100.00,0.59,23.22,99.41,-0.00
short/13f__radnor_capital_management_llc,99.84,99.84,99.84,100.00,0.16,23.08,99.84,-0.00
short/13f__sl_advisors_llc,99.80,99.80,99.80,100.00,0.20,23.07,99.80,0.00
short/2A-27-103150_116454,14.63,18.37,12.16,55.13,81.63,12.94,14.63,0.00
short/2A-9-136008_97695,16.51,23.08,12.86,41.10,76.92,9.09,16.51,0.00
short/2A-9-156032_107792,19.80,26.32,15.87,51.35,73.68,24.71,19.80,0.00
short/2A-9-160248_109904,21.36,29.73,16.67,49.66,70.27,22.35,21.36,-0.00
short/2A-9-160258_109909,31.19,34.00,28.81,52.17,66.00,30.59,31.19,0.00
short/2A-9-160266_109913,29.41,34.09,25.86,54.29,65.91,31.76,29.41,0.00
short/2A-9-160268_109914,25.49,28.26,23.21,44.78,71.74,34.12,25.49,0.00
short/2A-9-160282_109921,32.73,34.62,31.03,47.14,65.38,31.76,32.73,-0.00
short/2A-9-160294_109927,47.83,55.00,42.31,50.49,45.00,64.94,47.83,-0.00
short/2A-9-160298_109929,46.15,52.17,41.38,56.12,47.83,31.76,46.15,0.00
short/2A-9-160318_109939,31.07,34.78,28.07,46.72,65.22,32.94,31.07,-0.00
short/3N1AB7AP8FY283932_professional_valuation,0.00,0.00,0.00,69.57,0.00,13.51,0.00,0.00
short/3N1AB7AP8FY283932_professional_valuation_corrupted,0.00,0.00,0.00,47.62,0.00,16.89,0.00,0.00
short/593338187_200912_990PF-p0023,85.15,86.00,84.31,100.00,14.00,1.92,85.15,-0.00
short/593338187_200912_990PF-p0024,69.72,73.08,66.67,100.00,26.92,1.72,69.72,0.00
short/593338187_200912_990PF-p0025,78.55,81.25,76.02,100.00,18.75,1.72,78.55,-0.00
short/593338187_200912_990PF-p0026,83.06,84.46,81.70,100.00,15.54,1.92,83.06,-0.00
short/593338187_200912_990PF-p0027,77.36,78.85,75.93,100.00,21.15,1.82,77.36,-0.00
short/593338187_200912_990PF-p0030,73.81,73.81,73.81,100.00,26.19,4.00,73.81,-0.00
short/593338187_200912_990PF-p0031,79.21,80.11,78.33,100.00,19.89,1.64,79.21,0.00
short/593338187_200912_990PF-p0032,74.45,75.16,73.75,100.00,24.84,1.82,74.45,-0.00
short/593338187_200912_990PF-p0033,78.53,79.89,77.22,100.00,20.11,1.64,78.53,0.00
short/593338187_200912_990PF-p0034,80.22,80.45,80.00,100.00,19.55,1.64,80.22,0.00
short/593338187_200912_990PF-p0035,83.71,84.66,82.78,100.00,15.34,1.64,83.71,-0.00
short/593338187_200912_990PF-p0036,75.98,76.40,75.56,100.00,23.60,1.64,75.98,-0.00
short/593338187_200912_990PF-p0037,78.57,80.00,77.19,100.00,20.00,1.72,78.57,0.00
short/593338187_200912_990PF-p0038,83.57,83.80,83.33,100.00,16.20,1.64,83.57,-0.00
short/7C-02014 H-12 5-20-2013 F-01083,32.26,36.36,28.99,96.00,63.64,7.69,32.26,-0.00
short/7C-04947 H-12 12-7-2009 F-01079,28.57,32.69,25.37,81.63,67.31,10.26,28.57,0.00
short/H9-53-1621_1656,40.91,47.37,36.00,96.23,52.63,13.56,40.91,-0.00
short/H9-53-2119_2144,27.40,45.45,19.61,94.55,54.55,11.86,27.40,-0.00
short/H9-53-23_23,32.18,42.42,25.93,97.30,57.58,8.47,32.18,0.00
short/H9-53-24_24,30.59,38.24,25.49,94.44,61.76,13.56,30.59,-0.00
short/H9-53-30_30,31.17,46.15,23.53,96.30,53.85,11.86,31.17,-0.00
short/H9-53-319_311,39.51,51.61,32.00,93.46,48.39,15.25,39.51,-0.00
short/H9-53-31_31,40.51,57.14,31.37,96.30,42.86,11.86,40.51,-0.00
short/H9-53-32_32,34.09,44.12,27.78,97.30,55.88,8.47,34.09,0.00
short/H9-53-514_1043,27.91,46.15,20.00,96.83,53.85,8.96,27.91,-0.00
short/H9-53-59_60,37.65,51.61,29.63,97.30,48.39,8.47,37.65,-0.00
short/H9-53-7226_7240,39.08,50.00,32.08,97.30,50.00,8.47,39.08,0.00
short/H9-53-7234_7248,34.57,46.67,27.45,94.55,53.33,11.86,34.57,-0.00
short/H9-53-7239_7253,34.48,41.67,29.41,94.55,58.33,11.86,34.48,0.00
short/H9-53-9349_9509,29.55,37.14,24.53,96.43,62.86,8.47,29.55,-0.00
short/H9-53-9386_9545,32.00,52.17,23.08,95.41,47.83,11.86,32.00,0.00
short/P18-28-1547,54.29,61.29,48.72,73.39,38.71,42.86,54.29,-0.00
short/P18-28-21_77,44.78,60.00,35.71,74.34,40.00,42.47,44.78,-0.00
short/P18-28-35_39,54.05,64.52,46.51,75.44,35.48,41.10,54.05,0.00
short/P18-28-43_44,60.53,65.71,56.10,74.55,34.29,41.43,60.53,-0.00
short/P18-28-44_45,52.31,56.67,48.57,67.96,43.33,50.00,52.31,-0.00
short/P18-28-50_51,22.22,35.00,16.28,72.88,65.00,43.42,22.22,0.00
short/P18-28-52_53,20.69,30.00,15.79,71.03,70.00,45.71,20.69,-0.00
short/P18-28-54_55,50.00,65.22,40.54,69.81,34.78,47.14,50.00,0.00
short/P18-28-55_56,3.77,7.14,2.56,72.22,92.86,44.29,3.77,0.00
short/P18-28-56_57,42.42,48.28,37.84,69.81,51.72,47.14,42.42,0.00
short/P18-28-62_62,44.12,50.00,39.47,71.03,50.00,45.71,44.12,-0.00
short/P4-27-51022_74198,16.84,17.78,16.00,20.37,82.22,19.35,16.84,0.00
short/P4-27-51094_74234,23.19,40.00,16.33,81.13,60.00,20.97,23.19,-0.00
short/P4-27-51220_74625,20.00,21.43,18.75,30.48,78.57,22.58,20.00,0.00
short/P4-27-51300_74665,32.43,40.00,27.27,73.68,60.00,16.67,32.43,0.00
short/P4-27-51318_74674,41.38,63.16,30.77,89.89,36.84,28.57,41.38,-0.00
short/P4-83-199_29,28.57,47.37,20.45,92.78,52.63,19.64,28.57,0.00
short/P4-83-201_30,38.24,65.00,27.08,92.45,35.00,20.97,38.24,-0.00
short/P4-83-211_35,25.64,31.25,21.74,93.07,68.75,24.19,25.64,0.00
short/P4-83-433_147,14.81,33.33,9.52,95.56,66.67,20.37,14.81,0.00
short/P4-83-443_152,29.03,42.86,21.95,93.33,57.14,25.00,29.03,0.00
short/P4-83-449_155,3.77,25.00,2.04,99.01,75.00,10.71,3.77,0.00
short/P4-83-457_159,38.81,56.52,29.55,74.51,43.48,27.42,38.81,-0.00
short/P4-83-631_246,8.33,10.34,6.98,10.75,89.66,18.52,8.33,0.00
short/P4-83-693_277,35.48,55.00,26.19,92.47,45.00,23.21,35.48,0.00
short/P4-Historical Single Signature83-10963_5480,33.96,69.23,22.50,91.11,30.77,24.07,33.96,0.00
short/P4-Historical Single Signature83-223_41,0.00,0.00,0.00,91.67,0.00,21.43,0.00,0.00
short/P4-Historical Single Signature83-257_58,0.00,0.00,0.00,92.47,0.00,20.37,0.00,0.00
short/REDACTED_2007_NISSAN_MURANO_professional_valuation,0.00,0.00,0.00,61.54,0.00,15.79,0.00,0.00
short/ROGER-WINFIELD-SCOTT-FOUNDATION-INC-2009-580655183-p0023,83.59,87.66,79.88,100.00,12.34,3.43,83.59,0.00
short/ROGER-WINFIELD-SCOTT-FOUNDATION-INC-2009-580655183-p0024,80.11,82.46,77.90,100.00,17.54,1.09,80.11,0.00
short/ROGER-WINFIELD-SCOTT-FOUNDATION-INC-2009-580655183-p0025,87.29,91.15,83.74,100.00,8.85,1.60,87.29,-0.00
short/W-1-9-258_260,61.07,64.52,57.97,97.87,35.48,5.48,61.07,-0.00
short/W-1-9-260_262,51.20,57.14,46.38,97.87,42.86,5.48,51.20,-0.00
short/W-1-9-261_263,36.51,41.07,32.86,98.59,58.93,4.11,36.51,-0.00
short/W14-2nd Sub 53269 Revised W14,56.77,67.69,48.89,64.54,32.31,52.85,56.77,0.00
short/W14-2nd Sub 55975 Revised W14 ADMIN REVIEWED,53.16,62.69,46.15,64.79,37.31,52.33,53.16,0.00
short/W14-52342_W14,4.44,6.98,3.26,65.96,93.02,51.81,4.44,0.00
short/W14-53632_W14 ADMIN REVIEWED,26.95,38.78,20.65,65.48,61.22,52.33,26.95,0.00
short/W14-54500_W14 admin reviewed,43.27,53.62,36.27,70.10,46.38,47.15,43.27,0.00
short/W14-55311_W14 reviewed,41.83,51.61,35.16,64.54,48.39,52.85,41.83,0.00
short/W14-55711_W14 ADMIN REVIEWED,40.52,50.82,33.70,65.02,49.18,52.33,40.52,0.00
short/W14-57077_W14,50.89,57.33,45.74,66.67,42.67,50.78,50.89,-0.00
short/W14-57728_W14_REVISED,36.00,43.90,30.51,68.60,56.10,48.02,36.00,0.00
short/W14-58025_W14 Admin Reviewed,56.47,65.75,49.48,68.07,34.25,49.74,56.47,0.00
short/W14-58509_W14 2nd sub revised,75.00,85.23,66.96,66.47,14.77,50.66,75.00,0.00
short/W14-58549_W14,47.67,64.06,37.96,65.66,35.94,51.98,47.67,0.00
short/W14-Atascosa SWD Well No. 4 - W-14 (Updated 01.22.2025),54.01,68.52,44.58,61.09,31.48,56.48,54.01,0.00
short/W2-27-216874_212740,13.89,17.86,11.36,37.50,82.14,44.26,13.89,-0.00
short/W2-27-217184_213122,31.40,36.49,27.55,71.03,63.51,33.33,31.40,-0.00
short/W2-27-217314_213200,17.39,25.64,13.16,39.53,74.36,37.89,17.39,0.00
short/W2-27-217884_213729,10.61,15.91,7.95,61.48,84.09,30.38,10.61,-0.00
short/WVWJK73C19P047779_professional_valuation,0.00,0.00,0.00,63.64,0.00,11.49,0.00,0.00
short/WVWJK73C19P047779_professional_valuation_corrupted,0.00,0.00,0.00,57.14,0.00,12.84,0.00,0.00
short/YV4952BL2C1140915_professional_valuation,0.00,0.00,0.00,42.86,0.00,15.09,0.00,0.00
short/YV4952BL2C1140915_professional_valuation_corrupted,0.00,0.00,0.00,0.00,0.00,20.75,0.00,0.00
short/aclu_cdwg_invoice,0.00,0.00,0.00,100.00,0.00,24.44,0.00,0.00
short/arif-2021,27.00,29.35,25.00,70.00,70.65,92.51,27.00,0.00
short/arif-2022,26.79,28.57,25.23,77.51,71.43,91.95,26.79,0.00
short/arif-2024,28.82,33.33,25.38,72.49,66.67,91.88,28.82,0.00
short/bianco-2024,31.44,32.64,30.32,69.57,67.36,88.33,31.44,-0.00
short/brand_price_list_lifescience_2024,0.00,0.00,0.00,0.00,0.00,17.16,0.00,0.00
short/brand_price_list_lifescience_2024_corrupted,0.00,0.00,0.00,0.00,0.00,16.86,0.00,0.00
short/budget_appendix_doe,0.00,0.00,0.00,0.00,0.00,12.82,0.00,0.00
short/budget_appendix_legis,0.00,0.00,0.00,0.00,0.00,7.77,0.00,0.00
short/ca_rad_crossover_inpatient_p5,0.00,0.00,0.00,0.00,0.00,47.67,0.00,0.00
short/ca_rad_crossover_inpatient_p5_corrupted,0.00,0.00,0.00,0.00,0.00,47.67,0.00,0.00
short/ca_rad_crossover_outpatient_p5,0.00,0.00,0.00,0.00,0.00,37.21,0.00,0.00
short/ca_rad_crossover_outpatient_p5_corrupted,0.00,0.00,0.00,0.00,0.00,37.21,0.00,0.00
short/caterpillar_spec_sheet_312c_excavator,0.00,0.00,0.00,0.00,0.00,46.65,0.00,0.00
short/caterpillar_spec_sheet_312c_excavator_corrupted,0.00,0.00,0.00,0.00,0.00,46.65,0.00,0.00
short/caterpillar_spec_sheet_330_excavator,0.00,0.00,0.00,0.00,0.00,50.93,0.00,0.00
short/caterpillar_spec_sheet_330_excavator_corrupted,0.00,0.00,0.00,0.00,0.00,50.93,0.00,0.00
short/cbp_7501_continuation_0001,0.00,0.00,0.00,0.00,0.00,26.57,0.00,0.00
short/cbp_7501_continuation_0002,0.00,0.00,0.00,0.00,0.00,21.31,0.00,0.00
short/cbp_7501_continuation_0007,0.00,0.00,0.00,0.00,0.00,20.69,0.00,0.00
short/cbp_7501_continuation_0016,0.00,0.00,0.00,0.00,0.00,22.22,0.00,0.00
short/cbp_7501_continuation_0018,0.00,0.00,0.00,82.67,0.00,32.23,0.00,0.00
short/ccc_online_0005_american_family_chevrolet_sonic,0.00,0.00,0.00,66.67,0.00,18.92,0.00,0.00
short/ccc_online_0005_american_family_chevrolet_sonic_corrupted,0.00,0.00,0.00,66.67,0.00,18.92,0.00,0.00
short/ccc_online_0006_esurance_toyota_rav4,0.00,0.00,0.00,80.00,0.00,17.04,0.00,0.00
short/ccc_online_0006_esurance_toyota_rav4_corrupted,0.00,0.00,0.00,80.00,0.00,17.04,0.00,0.00
short/census_statab,0.00,0.00,0.00,0.00,0.00,0.00,0.00,0.00
short/census_statab_12s0035,0.00,0.00,0.00,0.00,0.00,0.00,0.00,0.00
short/census_statab_12s0711,0.00,0.00,0.00,0.00,0.00,0.00,0.00,0.00
short/census_statab_employment,0.00,0.00,0.00,0.00,0.00,0.00,0.00,0.00
short/census_statab_income_by_state,0.00,0.00,0.00,0.00,0.00,0.00,0.00,0.00
short/cfpb_closing-disclosure_H25E,0.00,0.00,0.00,0.00,0.00,43.78,0.00,0.00
short/cfpb_closing-disclosure_H25E_corrupted,0.00,0.00,0.00,0.00,0.00,43.78,0.00,0.00
short/cfpb_closing-disclosure_H25F,0.00,0.00,0.00,0.00,0.00,63.49,0.00,0.00
short/cfpb_closing-disclosure_H25F_corrupted,0.00,0.00,0.00,0.00,0.00,64.62,0.00,0.00
short/cfpb_closing-disclosure_filled-sample,0.00,0.00,0.00,0.00,0.00,41.12,0.00,0.00
short/cfpb_closing-disclosure_filled-sample_corrupted,0.00,0.00,0.00,0.00,0.00,40.89,0.00,0.00
short/dc-pepco-residential-bill,0.00,0.00,0.00,0.00,0.00,9.09,0.00,0.00
short/dd1155_schedule_continuation_0002,0.00,0.00,0.00,0.00,0.00,41.67,0.00,0.00
short/dd1155_schedule_continuation_0008,0.00,0.00,0.00,0.00,0.00,41.67,0.00,0.00
short/fidelity_0002_sample,0.00,0.00,0.00,0.00,0.00,31.72,0.00,0.00
short/fort_bend_operativeiq_invoice,0.00,0.00,0.00,100.00,0.00,32.00,0.00,0.00
short/golden_corral_receipt_refugio_county_auditor,0.00,0.00,0.00,100.00,0.00,28.21,0.00,0.00
short/grafton_isotrope_invoice_19503,0.00,0.00,0.00,0.00,0.00,35.71,0.00,0.00
short/gsa_mas_it_labor_0004,0.00,0.00,0.00,0.00,0.00,10.64,0.00,0.00
short/gsa_mas_it_labor_0020,0.00,0.00,0.00,0.00,0.00,10.64,0.00,0.00
short/h5Filing-45659-1,88.55,89.23,87.88,92.65,10.77,15.38,88.55,-0.00
short/h5Filing-45884-1,87.59,88.24,86.96,90.41,11.76,15.85,87.59,0.00
short/h5Filing-45887-1,83.21,83.82,82.61,90.41,16.18,15.85,83.21,0.00
short/h5Filing-45919-1,78.95,80.00,77.92,91.36,20.00,14.44,78.95,-0.00
short/h5Filing-46302-1,72.00,72.41,71.59,93.92,27.59,10.20,72.00,0.00
short/h5Filing-46383-1,87.10,88.52,85.71,88.24,11.48,19.23,87.10,-0.00
short/h5Filing-46384-1,81.60,82.26,80.95,88.24,17.74,19.23,81.60,0.00
short/h5Filing-46780-1,81.97,81.97,81.97,89.55,18.03,21.79,81.97,-0.00
short/h5Filing-47175-1,82.01,82.61,81.43,92.52,17.39,14.63,82.01,0.00
short/h5Filing-48982-1,87.41,88.06,86.76,89.66,11.94,17.07,87.41,-0.00
short/h5Filing-49070-1,83.21,83.82,82.61,90.54,16.18,15.85,83.21,0.00
short/h5Filing-50745-2,87.77,88.41,87.14,91.16,11.59,14.63,87.77,-0.00
short/h5Filing-66006-1,91.97,92.65,91.30,90.54,7.35,15.85,91.97,0.00
short/hingham-grainger-invoice,0.00,0.00,0.00,100.00,0.00,28.57,0.00,0.00
short/hingham-wbmason-invoice,0.00,0.00,0.00,0.00,0.00,30.95,0.00,0.00
short/hingham_lowes_receipt,0.00,0.00,0.00,0.00,0.00,11.63,0.00,0.00
short/lancaster_county_ne_requisition_po_husker_steel,0.00,0.00,0.00,0.00,0.00,35.00,0.00,0.00
short/lancaster_county_ne_requisition_po_husker_steel_corrupted,0.00,0.00,0.00,0.00,0.00,32.50,0.00,0.00
short/mcdonalds_receipt_chicago_documentcloud,0.00,0.00,0.00,0.00,0.00,23.64,0.00,0.00
short/mission-tx-tyler-invoice,0.00,0.00,0.00,0.00,0.00,40.82,0.00,0.00
short/ms_medicaid_ra_adjustments,0.00,0.00,0.00,0.00,0.00,19.67,0.00,0.00
short/ms_medicaid_ra_adjustments_corrupted,0.00,0.00,0.00,0.00,0.00,19.67,0.00,0.00
short/ms_medicaid_ra_paid_denied_claims,0.00,0.00,0.00,0.00,0.00,26.71,0.00,0.00
short/ms_medicaid_ra_paid_denied_claims_corrupted,0.00,0.00,0.00,0.00,0.00,26.71,0.00,0.00
short/nport__bullfinch_fund_inc,96.54,96.54,96.54,100.00,3.46,6.63,96.54,-0.00
short/nport__gabelli_growth_fund_2025q4,98.00,98.00,98.00,99.82,2.00,6.29,98.00,0.00
short/nport__oak_associates_funds,98.00,98.00,98.00,100.00,2.00,6.70,98.00,0.00
short/oklahoma_county_purchase_order_avl_systems,0.00,0.00,0.00,100.00,0.00,12.50,0.00,0.00
short/oklahoma_county_purchase_order_avl_systems_corrupted,0.00,0.00,0.00,100.00,0.00,12.50,0.00,0.00
short/passcoag-2020-w2-p0002-r1,57.69,65.22,51.72,100.00,34.78,35.56,57.69,0.00
short/passcoag-2020-w2-p0002-r2,53.33,60.00,48.00,100.00,40.00,39.02,53.33,0.00
short/passcoag-2020-w2-p0002-r3,61.22,75.00,51.72,100.00,25.00,35.56,61.22,0.00
short/passcoag-2020-w2-p0002-r4,37.21,50.00,29.63,100.00,50.00,37.21,37.21,-0.00
short/passcoag-2020-w2-p0003-r1,58.33,73.68,48.28,100.00,26.32,35.56,58.33,0.00
short/passcoag-2020-w2-p0003-r2,43.48,52.63,37.04,100.00,47.37,37.21,43.48,-0.00
short/passcoag-2020-w2-p0003-r3,60.87,73.68,51.85,100.00,26.32,37.21,60.87,-0.00
short/passcoag-2020-w2-p0003-r4,54.90,63.64,48.28,100.00,36.36,35.56,54.90,0.00
short/passcoag-2020-w2-p0004-r1,69.23,78.26,62.07,100.00,21.74,35.56,69.23,0.00
short/passcoag-2020-w2-p0004-r2,65.31,80.00,55.17,100.00,20.00,35.56,65.31,-0.00
short/passcoag-2020-w2-p0004-r3,60.00,71.43,51.72,100.00,28.57,35.56,60.00,0.00
short/passcoag-2020-w2-p0004-r4,66.67,77.27,58.62,100.00,22.73,35.56,66.67,-0.00
short/passcoag-2020-w2-p0005-r1,37.21,57.14,27.59,100.00,42.86,35.56,37.21,-0.00
short/passcoag-2020-w2-p0005-r2,55.32,72.22,44.83,100.00,27.78,35.56,55.32,-0.00
short/passcoag-2020-w2-p0005-r3,44.90,55.00,37.93,100.00,45.00,35.56,44.90,-0.00
short/passcoag-2020-w2-p0005-r4,61.22,75.00,51.72,100.00,25.00,35.56,61.22,0.00
short/passcoag-2020-w2-p0006-r1,56.00,66.67,48.28,100.00,33.33,35.56,56.00,0.00
short/passcoag-2020-w2-p0006-r2,47.83,64.71,37.93,100.00,35.29,35.56,47.83,-0.00
short/passcoag-2020-w2-p0006-r3,70.59,81.82,62.07,100.00,18.18,35.56,70.59,-0.00
short/passcoag-2020-w2-p0006-r4,48.98,60.00,41.38,100.00,40.00,35.56,48.98,-0.00
short/pershing_0001,0.00,0.00,0.00,0.00,0.00,39.73,0.00,0.00
short/ppl-two-bill-example,0.00,0.00,0.00,0.00,0.00,22.73,0.00,0.00
short/real_clinton_property_25_11073,59.44,59.44,59.44,98.10,40.56,23.58,59.44,0.00
short/real_clinton_property_25_11073_corrupted,56.83,58.52,55.24,98.10,41.48,23.58,56.83,0.00
short/real_franklin_aug_2025,84.12,84.12,84.12,100.00,15.88,0.07,84.12,0.00
short/real_franklin_nov_2025,84.37,84.37,84.37,100.00,15.63,0.08,84.37,0.00
short/real_wyo_Goshen_2024,99.49,100.00,98.98,99.65,0.00,0.27,99.49,-0.00
short/real_wyo_Niobrara_2024,98.38,100.00,96.81,98.88,0.00,0.85,98.38,-0.00
short/real_wyo_Weston_2024,99.03,100.00,98.08,99.34,0.00,0.51,99.03,-0.00
short/sched_i__after_violence_project_ty2024,90.91,90.91,90.91,100.00,9.09,34.00,90.91,-0.00
short/sched_i__idaho_humanities_council_inc_ty2023,75.00,75.00,75.00,100.00,25.00,20.00,75.00,0.00
short/sched_i__rotary_club_ty2024,85.71,85.71,85.71,100.00,14.29,28.00,85.71,0.00
short/sched_i__the_women_s_foundation_of_colorado_inc_ty2024,93.18,93.18,93.18,98.19,6.82,28.40,93.18,-0.00
short/sec_13f_0009_coatue_management,90.01,90.16,89.86,99.83,9.84,15.88,90.01,-0.00
short/sec_13f_0019_soros_fund_management,97.68,97.75,97.62,99.93,2.25,15.14,97.68,0.00
short/southampton-ny-york-env-invoice,0.00,0.00,0.00,66.67,0.00,48.48,0.00,0.00
short/stephenville-axon-invoice,0.00,0.00,0.00,57.14,0.00,26.73,0.00,0.00
short/texas_facilities_commission_purchase_order_shelton-keller,0.00,0.00,0.00,100.00,0.00,4.17,0.00,0.00
short/texas_facilities_commission_purchase_order_shelton-keller_corrupted,0.00,0.00,0.00,100.00,0.00,4.17,0.00,0.00
short/ti_spec_sheet_ne555_timer,0.00,0.00,0.00,0.00,0.00,44.63,0.00,0.00
short/ti_spec_sheet_ne555_timer_corrupted,0.00,0.00,0.00,0.00,0.00,44.13,0.00,0.00
short/uillinois_rate_card_carpool_2024,0.00,0.00,0.00,0.00,0.00,25.22,0.00,0.00
short/uillinois_rate_card_carpool_2024_corrupted,0.00,0.00,0.00,0.00,0.00,25.22,0.00,0.00
short/utah_fleet_rate_schedule_fy2024,0.00,0.00,0.00,0.00,0.00,4.68,0.00,0.00
short/utah_fleet_rate_schedule_fy2024_corrupted,0.00,0.00,0.00,0.00,0.00,4.68,0.00,0.00
short/viega_price_list_propress_2026,0.00,0.00,0.00,0.00,0.00,0.22,0.00,0.00
short/viega_price_list_propress_2026_corrupted,0.00,0.00,0.00,0.00,0.00,0.29,0.00,0.00
short/we-energies-sample-bill,0.00,0.00,0.00,0.00,0.00,17.86,0.00,0.00
