test_id,modified,word_f1,page_f1,precision,recall
long/dd1155_schedule_continuation_0011,False,,26.8293,,
long/dd1155_schedule_continuation_0012,False,,,,
long/gov_clin_schedule_0005,False,,50.0,,
long/gov_clin_schedule_0031,False,,0.0,,
long/real_credit_strategies_full,False,73.7237,87.9287,74.1532,73.2992
long/real_freer_register_full,False,91.8517,97.1806,91.9418,91.7619
long/real_ftx_full,False,96.7197,99.8037,96.7197,96.7197
long/real_ftx_full_corrupted,False,53.4778,99.9971,53.4778,53.4778
long/real_imedia_full,False,94.0247,99.2095,94.0247,94.0247
long/real_imedia_full_corrupted,False,0.9692,95.909,0.97,0.9684
long/real_ishares_iboxx_bond_etfs,False,70.3395,80.3141,71.2431,69.4586
long/real_ofac_ssi_full,False,26.7771,91.6539,26.7771,26.7771
long/real_oklahoma_unclaimed_2024,False,,,,
long/real_sm0801_ae_full,False,59.5167,95.7745,59.7881,59.2478
long/real_sm0801_eco_full,False,92.4961,97.5815,92.503,92.4891
long/real_sm0801_eco_full_corrupted,False,75.7268,91.4947,77.5887,73.9522
long/sec_13f_0010_renaissance_technologies,False,74.3748,93.1698,74.6489,74.1027
long/sec_13f_0026_brown_brothers_harriman,False,84.6663,100.0,84.6663,84.6663
long/sf1449_supplies_services_0042,False,,,,
long/sf1449_supplies_services_0059,False,,7.1429,,
medium/13f__leonteq_securities_2025q4,False,99.8458,100.0,99.8458,99.8458
medium/13f__nalls_sherbakoff_2025q4,False,95.7472,100.0,95.7472,95.7472
medium/1G1PC5SB6E7111015_professional_valuation,False,,75.0,,
medium/1G1PC5SB6E7111015_professional_valuation_corrupted,False,,75.0,,
medium/arif-2023,False,62.7027,85.4054,64.4444,61.0526
medium/baker_hughes_earnings_deck_q4fy25,False,,50.0,,
medium/bar-lev-2021,False,50.5747,87.4046,51.9685,49.2537
medium/bar-lev-2022,False,54.2797,81.6667,55.5556,53.0612
medium/bar-lev-2023,False,54.6237,85.2248,55.4585,53.8136
medium/bar-lev-2024,False,47.0842,83.3693,48.0176,46.1864
medium/becerra-2021,False,41.4573,66.0804,45.7064,37.931
medium/becerra-2022,True,48.1818,71.2206,53.1328,44.0748
medium/becerra-2023,True,55.9598,76.6917,60.929,51.7401
medium/becerra-2024,False,46.3816,69.7368,52.4164,41.5929
medium/bianco-2021,False,67.3684,89.4737,69.5652,65.3061
medium/bianco-2022,False,64.7887,84.507,68.3168,61.6071
medium/byline_bancorp_investor_deck_q2_2023,False,,0.0,,
medium/cabrera-2021,False,52.9262,79.3893,55.914,50.2415
medium/cabrera-2022,False,43.6975,63.0252,47.0588,40.7843
medium/cabrera-2023,False,38.8406,68.9855,42.4051,35.8289
medium/ccc_online_0003_geico_ford_crown_victoria,False,,100.0,,
medium/ccc_online_0003_geico_ford_crown_victoria_corrupted,False,,50.0,,
medium/ccc_online_0004_liberty_dodge_journey,False,,100.0,,
medium/ccc_online_0004_liberty_dodge_journey_corrupted,False,,50.0,,
medium/ccc_online_0008_state_farm_genesis_gv80,False,,57.1429,,
medium/ccc_online_0008_state_farm_genesis_gv80_corrupted,False,,28.5714,,
medium/ccc_online_0009_travelers_ford_f150,False,,100.0,,
medium/ccc_online_0009_travelers_ford_f150_corrupted,False,,100.0,,
medium/ccc_online_0010_travelers_ford_explorer,False,,100.0,,
medium/ccc_online_0010_travelers_ford_explorer_corrupted,False,,100.0,,
medium/ccc_online_0011_infinity_toyota_tacoma,False,,50.0,,
medium/ccc_online_0011_infinity_toyota_tacoma_corrupted,False,,50.0,,
medium/ccc_online_0012_chubb_dodge_durango,False,,100.0,,
medium/ccc_online_0012_chubb_dodge_durango_corrupted,False,,0.0,,
medium/coreweave_earnings_deck_q4fy25,False,,85.7143,,
medium/crh_results_deck_q4fy25,False,,88.8889,,
medium/dd1155_schedule_continuation_0007,False,,,,
medium/erie_county_2017_single_audit,False,,,,
medium/gov_clin_schedule_0033,False,,100.0,,
medium/gov_clin_schedule_0035,False,,,,
medium/gov_clin_schedule_0038,False,,,,
medium/gsa_mas_it_labor_0003,False,,,,
medium/gsa_mas_it_labor_0005,False,,,,
medium/gsa_mas_it_labor_0006,False,,,,
medium/gsa_mas_it_labor_0007,False,,,,
medium/gsa_mas_it_labor_0008,False,,,,
medium/gsa_mas_it_labor_0010,False,,,,
medium/gsa_mas_it_labor_0011,False,,,,
medium/gsa_mas_it_labor_0014,False,,,,
medium/gsa_mas_it_labor_0016,False,,,,
medium/gsa_mas_it_labor_0018,False,,,,
medium/gsa_mas_it_labor_0019,False,,,,
medium/hpe_earnings_deck_q4fy25,False,,22.2222,,
medium/jackson_college_2024_federal_awards_audit,False,,,,
medium/nport__advisors_inner_circle_fund,False,100.0,100.0,100.0,100.0
medium/nport__dunham_funds,False,95.8809,98.4714,95.9028,95.859
medium/nport__sei_etf_2025q4,False,97.8997,98.7517,97.8997,97.8997
medium/q4-2025-earnings-press-release,False,,0.0,,
medium/real_bbb_service_list,False,77.7455,99.9657,77.7778,77.7133
medium/real_bbb_service_list_corrupted,False,30.5843,99.2104,30.597,30.5717
medium/real_blackrock_muni_bmn,True,93.5833,97.3023,96.4339,90.8964
medium/real_blackrock_schedule_full,False,85.8757,100.0,87.4191,84.3858
medium/real_cooke_co_tx_2024,True,99.7903,99.9888,99.7903,99.7903
medium/real_dcd_sumf_full,False,99.7613,100.0,99.7613,99.7613
medium/real_dcd_sumf_full_corrupted,False,94.1035,96.1722,94.9029,93.3174
medium/real_enotes_deviations,False,89.2927,98.7013,89.2927,89.2927
medium/real_enotes_deviations_corrupted,False,72.5307,93.7799,72.5664,72.4951
medium/real_fidelity_northstar,False,62.9079,72.1827,63.4421,62.3826
medium/real_franklin_sep_2025,False,100.0,100.0,100.0,100.0
medium/real_penn_hills_pa_2023,True,97.3809,98.9929,97.3809,97.3809
medium/real_pueblo_oct_2025,False,100.0,100.0,100.0,100.0
medium/real_sm0801_dispositions_full,False,100.0,100.0,100.0,100.0
medium/real_sm0801_dispositions_full_corrupted,False,98.8646,99.1049,99.0376,98.6922
medium/real_vg_divappr_full,False,99.9371,99.9816,99.9581,99.9161
medium/real_vg_divgrowth_full,False,100.0,90.0901,100.0,100.0
medium/real_vg_equity_income_full,False,100.0,100.0,100.0,100.0
medium/real_vg_esg_full,False,99.4595,87.8357,99.639,99.2806
medium/real_vg_gcc_full,False,99.8331,100.0,99.8331,99.8331
medium/real_vg_healthcare_full,False,100.0,88.1773,100.0,100.0
medium/real_vg_megacap_full,False,99.6466,99.8968,99.7642,99.5294
medium/real_vg_primecap_full,False,99.9214,100.0,99.9214,99.9214
medium/real_vg_reit2_full,False,99.663,92.6829,99.9035,99.4236
medium/real_vg_reit_full,False,99.8576,100.0,100.0,99.7156
medium/real_wright_co_mn,False,69.0747,77.8789,69.246,68.9042
medium/sched_i__akron_community_foundation_ty2024,False,99.4032,99.8508,99.4328,99.3735
medium/sched_i__united_way_worldwide_ty2024,False,99.4752,100.0,99.4752,99.4752
medium/schwab_dana_jones_2012,False,,,,
medium/sec_13f_0031_loomis_sayles,False,86.8883,94.3661,87.5536,86.2329
medium/sf1449_supplies_services_0003,False,,,,
medium/sf1449_supplies_services_0046,False,,,,
medium/sf1449_supplies_services_0047,False,,,,
medium/smfg-kessan-tanshin-2024-ja,False,,66.6667,,
medium/sunoco_investor_deck_march_2026,False,,0.0,,
medium/synchrony_investor_deck_q1_2026,False,,66.6667,,
medium/sysco_earnings_deck_q2fy26,False,,0.0,,
medium/transunion_earnings_deck_q4fy25,False,,,,
medium/united_way_san_antonio_fy23_single_audit,False,,,,
medium/veralto_earnings_deck_q4fy25,False,,0.0,,
short/00581-2011-p0050,False,66.6667,100.0,70.3704,63.3333
short/00581-2011-p0052,False,73.0159,100.0,74.1935,71.875
short/00581-2011-p0098,False,59.2593,100.0,84.2105,45.7143
short/00581-2011-p0102,False,62.5,98.5915,71.4286,55.5556
short/02-10121 H-12 7-2-2024 F-22628,False,69.3548,93.8776,74.1379,65.1515
short/07021-2016-p0014,False,45.8333,100.0,52.381,40.7407
short/07021-2016-p0016,False,43.9024,100.0,64.2857,33.3333
short/07021-2016-p0018,False,46.8085,100.0,55.0,40.7407
short/07021-2016-p0026,False,66.6667,100.0,76.1905,59.2593
short/07021-2016-p0029,False,60.0,100.0,65.2174,55.5556
short/07021-2016-p0032,False,54.1667,100.0,61.9048,48.1481
short/07021-2016-p0038,False,83.3333,100.0,90.9091,76.9231
short/07021-2016-p0039,False,100.0,100.0,100.0,100.0
short/07021-2016-p0040,False,100.0,100.0,100.0,100.0
short/07021-2016-p0051,False,92.3077,100.0,92.3077,92.3077
short/07021-2016-p0052,False,100.0,100.0,100.0,100.0
short/07021-2016-p0053,False,100.0,100.0,100.0,100.0
short/07021-2016-p0074,False,48.0,100.0,66.6667,37.5
short/07021-2016-p0078,False,45.4545,100.0,55.5556,38.4615
short/07021-2016-p0082,False,47.0588,100.0,80.0,33.3333
short/08-15427 H-12 1-21-2003 F-01341,False,76.0331,94.4444,82.1429,70.7692
short/08-20813 H-12 10-17-2008 F-01094A,False,76.4228,94.5946,83.9286,70.1493
short/08-37943 H-12 09-25-2014 F-01249,False,69.0909,91.5493,79.1667,61.2903
short/08-43259 H-12 3-18-2024 F-22737,False,80.3419,92.3077,87.037,74.6032
short/08-51344 H-12 10-2-2023 F-22666,False,81.6667,92.9577,85.9649,77.7778
short/13f__audent_global_2025q4,False,100.0,100.0,100.0,100.0
short/13f__dedeker_financial_llc,False,99.8024,100.0,99.8024,99.8024
short/13f__radnor_capital_management_llc,False,99.9352,100.0,99.9352,99.9352
short/13f__sl_advisors_llc,False,99.8024,100.0,99.8024,99.8024
short/2A-27-103150_116454,True,24.1935,61.5385,30.0,20.2703
short/2A-9-136008_97695,False,18.3486,42.4658,25.641,14.2857
short/2A-9-156032_107792,False,25.7426,55.4054,34.2105,20.6349
short/2A-9-160248_109904,False,21.3592,49.6644,29.7297,16.6667
short/2A-9-160258_109909,False,42.2018,63.7681,46.0,38.9831
short/2A-9-160266_109913,False,39.2157,64.2857,45.4545,34.4828
short/2A-9-160268_109914,False,27.451,46.2687,30.4348,25.0
short/2A-9-160282_109921,False,43.6364,54.2857,46.1538,41.3793
short/2A-9-160294_109927,False,56.5217,50.4854,65.0,50.0
short/2A-9-160298_109929,False,51.9231,63.3094,58.6957,46.5517
short/2A-9-160318_109939,False,36.8932,52.5547,41.3043,33.3333
short/3N1AB7AP8FY283932_professional_valuation,False,,69.5652,,
short/3N1AB7AP8FY283932_professional_valuation_corrupted,False,,47.619,,
short/593338187_200912_990PF-p0023,True,88.8158,99.6721,89.404,88.2353
short/593338187_200912_990PF-p0024,True,75.3799,99.7067,78.481,72.5146
short/593338187_200912_990PF-p0025,False,81.8182,99.7067,84.9057,78.9474
short/593338187_200912_990PF-p0026,False,88.8158,100.0,89.404,88.2353
short/593338187_200912_990PF-p0027,False,82.5,100.0,83.5443,81.4815
short/593338187_200912_990PF-p0030,True,79.403,99.7015,79.6407,79.1667
short/593338187_200912_990PF-p0031,True,84.507,99.4413,85.7143,83.3333
short/593338187_200912_990PF-p0032,True,80.3797,99.6865,81.4103,79.375
short/593338187_200912_990PF-p0033,True,83.1461,100.0,84.0909,82.2222
short/593338187_200912_990PF-p0034,True,89.3855,99.7214,89.8876,88.8889
short/593338187_200912_990PF-p0035,True,91.3649,99.7214,91.6201,91.1111
short/593338187_200912_990PF-p0036,True,84.3575,99.4413,84.8315,83.8889
short/593338187_200912_990PF-p0037,True,89.2857,98.8166,90.9091,87.7193
short/593338187_200912_990PF-p0038,True,88.8268,99.7214,89.3258,88.3333
short/7C-02014 H-12 5-20-2013 F-01083,False,71.6418,96.0,73.8462,69.5652
short/7C-04947 H-12 12-7-2009 F-01079,False,69.4215,85.7143,77.7778,62.6866
short/H9-53-1621_1656,False,84.7826,96.2264,92.8571,78.0
short/H9-53-2119_2144,False,45.0,94.5455,62.069,35.2941
short/H9-53-23_23,False,46.6667,97.2973,58.3333,38.8889
short/H9-53-24_24,False,40.9091,94.4444,48.6486,35.2941
short/H9-53-30_30,False,59.5238,96.2963,75.7576,49.0196
short/H9-53-319_311,False,49.4118,93.4579,60.0,42.0
short/H9-53-31_31,False,60.4651,96.2963,74.2857,50.9804
short/H9-53-32_32,False,50.0,97.2973,60.5263,42.5926
short/H9-53-514_1043,False,55.6701,96.8254,72.973,45.0
short/H9-53-59_60,False,56.1798,97.2973,71.4286,46.2963
short/H9-53-7226_7240,False,50.0,97.2973,62.8571,41.5094
short/H9-53-7234_7248,False,51.7647,94.5455,64.7059,43.1373
short/H9-53-7239_7253,False,51.1111,94.5455,58.9744,45.098
short/H9-53-9349_9509,False,40.9091,96.4286,51.4286,33.9623
short/H9-53-9386_9545,False,57.5,95.4128,82.1429,44.2308
short/P18-28-1547,False,56.338,73.3945,62.5,51.2821
short/P18-28-21_77,False,47.0588,74.3363,61.5385,38.0952
short/P18-28-35_39,False,62.1622,75.4386,74.1935,53.4884
short/P18-28-43_44,False,62.3377,74.5455,66.6667,58.5366
short/P18-28-44_45,False,60.6061,67.9612,64.5161,57.1429
short/P18-28-50_51,False,25.3968,72.8814,40.0,18.6047
short/P18-28-52_53,False,24.1379,71.028,35.0,18.4211
short/P18-28-54_55,False,53.3333,69.8113,69.5652,43.2432
short/P18-28-55_56,False,11.3208,72.2222,21.4286,7.6923
short/P18-28-56_57,False,45.4545,69.8113,51.7241,40.5405
short/P18-28-62_62,False,47.0588,71.028,53.3333,42.1053
short/P4-27-51022_74198,False,80.4124,75.9259,82.9787,78.0
short/P4-27-51094_74234,True,81.3187,88.6792,88.0952,75.5102
short/P4-27-51220_74625,False,85.1064,85.7143,86.9565,83.3333
short/P4-27-51300_74665,False,85.3659,94.7368,92.1053,79.5455
short/P4-27-51318_74674,False,85.3333,89.8876,88.8889,82.0513
short/P4-83-199_29,False,82.9268,92.7835,89.4737,77.2727
short/P4-83-201_30,False,78.6517,92.4528,85.3659,72.9167
short/P4-83-211_35,False,74.6988,93.0693,83.7838,67.3913
short/P4-83-433_147,False,73.9726,95.5556,87.0968,64.2857
short/P4-83-443_152,False,88.0,93.3333,97.0588,80.4878
short/P4-83-449_155,False,60.274,99.0099,91.6667,44.898
short/P4-83-457_159,False,84.3373,84.3137,89.7436,79.5455
short/P4-83-631_246,False,81.4815,70.9677,86.8421,76.7442
short/P4-83-693_277,False,82.9268,92.4731,85.0,80.9524
short/P4-Historical Single Signature83-10963_5480,True,82.6667,91.1111,88.5714,77.5
short/P4-Historical Single Signature83-223_41,False,68.6567,91.6667,95.8333,53.4884
short/P4-Historical Single Signature83-257_58,False,57.1429,92.4731,85.7143,42.8571
short/REDACTED_2007_NISSAN_MURANO_professional_valuation,False,,61.5385,,
short/ROGER-WINFIELD-SCOTT-FOUNDATION-INC-2009-580655183-p0023,False,89.9696,100.0,92.5,87.574
short/ROGER-WINFIELD-SCOTT-FOUNDATION-INC-2009-580655183-p0024,True,88.1356,99.723,90.1734,86.1878
short/ROGER-WINFIELD-SCOTT-FOUNDATION-INC-2009-580655183-p0025,True,94.6058,99.1803,96.6102,92.6829
short/W-1-9-258_260,False,88.0597,97.8723,90.7692,85.5072
short/W-1-9-260_262,False,86.1538,97.8723,91.8033,81.1594
short/W-1-9-261_263,False,69.7674,98.5915,76.2712,64.2857
short/W14-2nd Sub 53269 Revised W14,False,83.908,64.539,86.9048,81.1111
short/W14-2nd Sub 55975 Revised W14 ADMIN REVIEWED,False,81.6092,64.7887,85.5422,78.022
short/W14-52342_W14,False,32.0,65.9574,41.3793,26.087
short/W14-53632_W14 ADMIN REVIEWED,False,61.8182,65.4804,69.863,55.4348
short/W14-54500_W14 admin reviewed,False,73.2984,70.1031,78.6517,68.6275
short/W14-55311_W14 reviewed,False,70.5882,64.539,75.9494,65.9341
short/W14-55711_W14 ADMIN REVIEWED,False,70.1754,65.0177,75.9494,65.2174
short/W14-57077_W14,True,76.2431,66.6667,79.3103,73.4043
short/W14-57728_W14_REVISED,False,61.5385,68.6047,66.0194,57.6271
short/W14-58025_W14 Admin Reviewed,False,80.2139,68.0702,83.3333,77.3196
short/W14-58509_W14 2nd sub revised,False,92.5926,66.4688,96.1538,89.2857
short/W14-58549_W14,False,74.1117,65.6627,82.0225,67.5926
short/W14-Atascosa SWD Well No. 4 - W-14 (Updated 01.22.2025),False,82.0513,61.0909,87.6712,77.1084
short/W2-27-216874_212740,True,34.4371,41.6667,41.2698,29.5455
short/W2-27-217184_213122,False,50.2793,76.5517,55.5556,45.9184
short/W2-27-217314_213200,False,26.8908,39.5257,37.2093,21.0526
short/W2-27-217884_213729,False,38.3562,66.9261,48.2759,31.8182
short/WVWJK73C19P047779_professional_valuation,False,,63.6364,,
short/WVWJK73C19P047779_professional_valuation_corrupted,False,,57.1429,,
short/YV4952BL2C1140915_professional_valuation,False,,42.8571,,
short/YV4952BL2C1140915_professional_valuation_corrupted,False,,0.0,,
short/aclu_cdwg_invoice,False,,100.0,,
short/arif-2021,False,59.8039,81.3725,63.5417,56.4815
short/arif-2022,False,69.5238,84.7619,73.7374,65.7658
short/arif-2024,False,64.4068,82.2034,71.6981,58.4615
short/bianco-2024,False,63.5452,86.2876,65.9722,61.2903
short/brand_price_list_lifescience_2024,False,,,,
short/brand_price_list_lifescience_2024_corrupted,False,,,,
short/budget_appendix_doe,False,,,,
short/budget_appendix_legis,False,,,,
short/ca_rad_crossover_inpatient_p5,False,,,,
short/ca_rad_crossover_inpatient_p5_corrupted,False,,,,
short/ca_rad_crossover_outpatient_p5,False,,,,
short/ca_rad_crossover_outpatient_p5_corrupted,False,,,,
short/caterpillar_spec_sheet_312c_excavator,False,,,,
short/caterpillar_spec_sheet_312c_excavator_corrupted,False,,,,
short/caterpillar_spec_sheet_330_excavator,False,,,,
short/caterpillar_spec_sheet_330_excavator_corrupted,False,,,,
short/cbp_7501_continuation_0001,False,,,,
short/cbp_7501_continuation_0002,False,,,,
short/cbp_7501_continuation_0007,False,,,,
short/cbp_7501_continuation_0016,False,,,,
short/cbp_7501_continuation_0018,False,,82.6667,,
short/ccc_online_0005_american_family_chevrolet_sonic,False,,66.6667,,
short/ccc_online_0005_american_family_chevrolet_sonic_corrupted,False,,66.6667,,
short/ccc_online_0006_esurance_toyota_rav4,False,,80.0,,
short/ccc_online_0006_esurance_toyota_rav4_corrupted,False,,80.0,,
short/census_statab,False,,,,
short/census_statab_12s0035,False,,,,
short/census_statab_12s0711,False,,,,
short/census_statab_employment,False,,,,
short/census_statab_income_by_state,False,,,,
short/cfpb_closing-disclosure_H25E,False,,,,
short/cfpb_closing-disclosure_H25E_corrupted,False,,,,
short/cfpb_closing-disclosure_H25F,False,,,,
short/cfpb_closing-disclosure_H25F_corrupted,False,,,,
short/cfpb_closing-disclosure_filled-sample,False,,,,
short/cfpb_closing-disclosure_filled-sample_corrupted,False,,,,
short/dc-pepco-residential-bill,False,,,,
short/dd1155_schedule_continuation_0002,False,,,,
short/dd1155_schedule_continuation_0008,False,,,,
short/fidelity_0002_sample,False,,,,
short/fort_bend_operativeiq_invoice,False,,100.0,,
short/golden_corral_receipt_refugio_county_auditor,False,,100.0,,
short/grafton_isotrope_invoice_19503,False,,0.0,,
short/gsa_mas_it_labor_0004,False,,,,
short/gsa_mas_it_labor_0020,False,,,,
short/h5Filing-45659-1,False,96.9697,97.0588,96.9697,96.9697
short/h5Filing-45884-1,False,100.0,94.5205,100.0,100.0
short/h5Filing-45887-1,False,98.5507,94.5205,98.5507,98.5507
short/h5Filing-45919-1,False,91.5033,95.0617,92.1053,90.9091
short/h5Filing-46302-1,False,84.0909,97.2376,84.0909,84.0909
short/h5Filing-46383-1,False,99.2,92.6471,100.0,98.4127
short/h5Filing-46384-1,False,93.6508,92.6471,93.6508,93.6508
short/h5Filing-46780-1,False,95.082,91.0448,95.082,95.082
short/h5Filing-47175-1,False,95.7143,95.2381,95.7143,95.7143
short/h5Filing-48982-1,False,95.5882,93.7931,95.5882,95.5882
short/h5Filing-49070-1,False,92.7536,93.2432,92.7536,92.7536
short/h5Filing-50745-2,False,97.1429,95.2381,97.1429,97.1429
short/h5Filing-66006-1,False,98.5507,93.2432,98.5507,98.5507
short/hingham-grainger-invoice,False,,100.0,,
short/hingham-wbmason-invoice,False,,0.0,,
short/hingham_lowes_receipt,False,,,,
short/lancaster_county_ne_requisition_po_husker_steel,False,,,,
short/lancaster_county_ne_requisition_po_husker_steel_corrupted,False,,,,
short/mcdonalds_receipt_chicago_documentcloud,False,,,,
short/mission-tx-tyler-invoice,False,,,,
short/ms_medicaid_ra_adjustments,False,,,,
short/ms_medicaid_ra_adjustments_corrupted,False,,,,
short/ms_medicaid_ra_paid_denied_claims,False,,,,
short/ms_medicaid_ra_paid_denied_claims_corrupted,False,,,,
short/nport__bullfinch_fund_inc,False,100.0,100.0,100.0,100.0
short/nport__gabelli_growth_fund_2025q4,False,100.0,100.0,100.0,100.0
short/nport__oak_associates_funds,False,100.0,100.0,100.0,100.0
short/oklahoma_county_purchase_order_avl_systems,False,,100.0,,
short/oklahoma_county_purchase_order_avl_systems_corrupted,False,,100.0,,
short/passcoag-2020-w2-p0002-r1,False,61.5385,100.0,69.5652,55.1724
short/passcoag-2020-w2-p0002-r2,False,57.7778,100.0,65.0,52.0
short/passcoag-2020-w2-p0002-r3,False,64.0,100.0,76.1905,55.1724
short/passcoag-2020-w2-p0002-r4,False,54.5455,100.0,70.5882,44.4444
short/passcoag-2020-w2-p0003-r1,False,65.3061,100.0,80.0,55.1724
short/passcoag-2020-w2-p0003-r2,False,47.8261,100.0,57.8947,40.7407
short/passcoag-2020-w2-p0003-r3,False,68.0851,100.0,80.0,59.2593
short/passcoag-2020-w2-p0003-r4,False,66.6667,100.0,77.2727,58.6207
short/passcoag-2020-w2-p0004-r1,False,79.2453,100.0,87.5,72.4138
short/passcoag-2020-w2-p0004-r2,False,69.3878,100.0,85.0,58.6207
short/passcoag-2020-w2-p0004-r3,False,66.6667,100.0,77.2727,58.6207
short/passcoag-2020-w2-p0004-r4,False,76.9231,100.0,86.9565,68.9655
short/passcoag-2020-w2-p0005-r1,False,45.4545,100.0,66.6667,34.4828
short/passcoag-2020-w2-p0005-r2,False,65.3061,100.0,80.0,55.1724
short/passcoag-2020-w2-p0005-r3,False,56.0,100.0,66.6667,48.2759
short/passcoag-2020-w2-p0005-r4,False,65.3061,100.0,80.0,55.1724
short/passcoag-2020-w2-p0006-r1,False,66.6667,100.0,77.2727,58.6207
short/passcoag-2020-w2-p0006-r2,False,55.3191,100.0,72.2222,44.8276
short/passcoag-2020-w2-p0006-r3,False,76.9231,100.0,86.9565,68.9655
short/passcoag-2020-w2-p0006-r4,False,68.0,100.0,80.9524,58.6207
short/pershing_0001,False,,,,
short/ppl-two-bill-example,False,,0.0,,
short/real_clinton_property_25_11073,False,76.4912,99.6825,76.7606,76.2238
short/real_clinton_property_25_11073_corrupted,False,57.554,98.7342,59.2593,55.9441
short/real_franklin_aug_2025,False,100.0,100.0,100.0,100.0
short/real_franklin_nov_2025,False,100.0,100.0,100.0,100.0
short/real_wyo_Goshen_2024,False,100.0,100.0,100.0,100.0
short/real_wyo_Niobrara_2024,False,100.0,100.0,100.0,100.0
short/real_wyo_Weston_2024,False,100.0,100.0,100.0,100.0
short/sched_i__after_violence_project_ty2024,False,93.9394,100.0,93.9394,93.9394
short/sched_i__idaho_humanities_council_inc_ty2023,False,95.0,100.0,95.0,95.0
short/sched_i__rotary_club_ty2024,False,97.1429,100.0,97.1429,97.1429
short/sched_i__the_women_s_foundation_of_colorado_inc_ty2024,False,96.4819,99.6802,96.4819,96.4819
short/sec_13f_0009_coatue_management,False,99.882,99.9292,99.9528,99.8113
short/sec_13f_0019_soros_fund_management,False,99.8791,99.9827,99.8963,99.8618
short/southampton-ny-york-env-invoice,False,,66.6667,,
short/stephenville-axon-invoice,False,,57.1429,,
short/texas_facilities_commission_purchase_order_shelton-keller,False,,100.0,,
short/texas_facilities_commission_purchase_order_shelton-keller_corrupted,False,,100.0,,
short/ti_spec_sheet_ne555_timer,False,,,,
short/ti_spec_sheet_ne555_timer_corrupted,False,,,,
short/uillinois_rate_card_carpool_2024,False,,,,
short/uillinois_rate_card_carpool_2024_corrupted,False,,,,
short/utah_fleet_rate_schedule_fy2024,False,,,,
short/utah_fleet_rate_schedule_fy2024_corrupted,False,,,,
short/viega_price_list_propress_2026,False,,,,
short/viega_price_list_propress_2026_corrupted,False,,,,
short/we-energies-sample-bill,False,,,,
